order_id,date,time,order_type,branch_code,order_items,order_price,customer_lat,customer_lon,customerHasloyalty?,distance_to_customer_KM,delivery_fee
ORDZ08554,2018-04-27,11:53:14,Breakfast,NS,"[('Eggs', 4), ('Coffee', 4), ('Cereal', 2), ('Pancake', 9)]",378.25,-37.8233885,144.9680947,0.0,9.057,13.6644712
ORDY10237,2018-07-14,14:25:21,Lunch,TP,"[('Salad', 6), ('Steak', 3), ('Fries', 3), ('Chicken', 2)]",338.2,-37.8176326,145.0054969,0.0,11.204,16.4324281
ORDA10768,2018-02-19,09:31:16,Breakfast,BK,"[('Cereal', 10), ('Pancake', 4)]",307.0,-37.8074349,144.9447892,0.0,9.219,14.052375238952413
ORDX06776,2018-02-13,09:21:07,Breakfast,BK,"[('Coffee', 2), ('Pancake', 2)]",63.5,-37.8088691,144.9618579,0.0,7.844,12.3260924
ORDI04411,2018-02-15,09:21:07,Breakfast,NS,"[('Eggs', 10), ('Pancake', 7)]",389.75,-37.8136358,145.0000791,0.0,9.791,14.7072283
ORDK03819,2018-02-02,09:00:50,Breakfast,BK,"[('Pancake', 2), ('Coffee', 5), ('Eggs', 2)]",130.0,-37.8170339,144.9532569,0.0,8.659,13.4767466
ORDK03082,2018-08-26,15:46:28,Lunch,BK,"[('Fries', 4), ('Chicken', 1), ('Steak', 10)]",530.0,-37.8121742,144.9381852,0.0,10.433,18.86877413774517
ORDY08266,2018-10-07,17:17:44,Dinner,TP,"[('Fish&Chips', 6), ('Salmon', 1), ('Pasta', 2)]",306.0,-37.8197989,144.9612984,0.0,7.586,13.2133472
ORDA10185,2018-02-18,09:31:16,Breakfast,BK,"[('Cereal', 6), ('Pancake', 8), ('Eggs', 2)]",364.0,-37.8063029,144.9446582,0.0,9.174,16.528783
ORDC09852,2018-08-12,15:26:11,Lunch,NS,"[('Chicken', 9), ('Burger', 5), ('Steak', 3)]",578.0,-37.8125353,144.9865756,0.0,8.576,15.9621668
ORDB09118,2018-12-12,19:29:34,Dinner,TP,"[('Pasta', 2), ('Fish&Chips', 10), ('Shrimp', 7), ('Salmon', 8)]",1111.0,-37.820997,144.9551426,0.0,8.175,12.5642948
ORDY02740,2018-08-07,15:16:03,Lunch,TP,"[('Salad', 1), ('Chicken', 1), ('Fries', 2), ('Burger', 1), ('Steak', 6)]",374.2,-37.823017,144.9847466,0.0,8.947,12.3076223
ORDB10197,2018-12-19,19:39:43,Dinner,TP,"[('Fish&Chips', 3), ('Pasta', 2), ('Salmon', 9)]",529.0,-37.8148009,144.9377857,0.0,10.346,14.2609592
ORDC10699,2018-09-03,16:06:45,Dinner,NS,"[('Shrimp', 2), ('Pasta', 5), ('Salmon', 1), ('Fish&Chips', 5)]",461.5,-37.8049397,144.9561684,0.0,7.841,14.3322361
ORDJ01835,2018-08-19,15:36:20,Lunch,TP,"[('Salad', 5), ('Burger', 8)]",334.0,-37.8065954,144.9860905,0.0,10.113,15.1391759
ORDB03538,2018-06-07,13:14:21,Lunch,TP,"[('Salad', 5), ('Steak', 6), ('Chicken', 2), ('Fries', 8), ('Burger', 3)]",609.0,-37.8037127,144.9492979,0.0,9.888,13.065578546055079
ORDX09576,2018-01-21,08:40:33,Breakfast,BK,"[('Pancake', 4), ('Eggs', 8)]",273.0,-37.8149879,144.9642846,0.0,7.694,15.4054495
ORDZ10105,2018-11-28,18:59:09,Dinner,NS,"[('Salmon', 10), ('Shrimp', 7), ('Fish&Chips', 8)]",1068.0,-37.8111501,144.9622637,0.0,7.687,14.2251963
ORDY03584,2018-12-25,19:49:51,Dinner,TP,"[('Pasta', 7), ('Shrimp', 2), ('Fish&Chips', 5)]",475.5,-37.816446,144.9321829,0.0,10.926,14.442228
ORDJ06757,2018-10-09,17:17:44,Dinner,TP,"[('Fish&Chips', 3), ('Salmon', 10), ('Shrimp', 7)]",893.0,-37.8216678,144.9737127,0.0,8.124,11.9056029
ORDZ01896,2018-05-16,12:23:39,Lunch,NS,"[('Burger', 8), ('Salad', 1)]",265.2,-37.8125263,144.9651644,0.0,7.73,13.3452119
ORDZ10555,2018-04-06,11:02:32,Breakfast,NS,"[('Cereal', 3), ('Eggs', 10)]",283.0,-37.8034957,144.9497343,0.0,8.316,13.5691935
ORDK06692,2018-05-25,12:43:56,Lunch,BK,"[('Fries', 6), ('Steak', 7)]",387.0,-37.8238926,144.9490621,0.0,9.402,15.247603567315766
ORDZ08659,2018-12-03,19:09:17,Dinner,NS,"[('Pasta', 4), ('Shrimp', 7), ('Fish&Chips', 3), ('Salmon', 6)]",839.0,-37.8004129,144.9988579,0.0,8.863,14.896402862019487
ORDC00337,2018-12-10,19:19:26,Dinner,NS,"[('Fish&Chips', 10), ('Salmon', 2)]",432.0,-37.8121891,144.9377208,0.0,10.246,16.2842927
ORDK00854,2018-12-25,19:49:51,Dinner,BK,"[('Fish&Chips', 5), ('Shrimp', 9), ('Salmon', 6)]",907.0,-37.8220125,144.9694765,0.0,7.916,14.8593804
ORDY03934,2018-02-25,09:41:24,Breakfast,TP,"[('Coffee', 5), ('Pancake', 2), ('Eggs', 1), ('Cereal', 7)]",255.0,-37.8081488,144.975634,0.0,9.251,13.5273488
ORDB07091,2018-08-04,15:05:54,Lunch,TP,"[('Burger', 5), ('Fries', 4), ('Salad', 2)]",237.4,-37.8038748,144.9496453,0.0,9.964,14.7746887
ORDA05913,2018-09-09,16:16:54,Dinner,BK,"[('Pasta', 8), ('Shrimp', 3), ('Salmon', 8)]",710.0,-37.8233154,144.9936838,0.0,5.832,15.0436715
ORDJ04242,2018-03-07,10:01:41,Breakfast,TP,"[('Pancake', 3), ('Cereal', 2), ('Eggs', 1), ('Coffee', 5)]",174.25,-37.8161362,144.9835027,0.0,9.212,11.5157768
ORDK04486,2018-11-06,18:18:35,Dinner,BK,"[('Salmon', 1), ('Pasta', 7), ('Shrimp', 8)]",665.5,-37.8223208,144.9478191,0.0,9.273,16.2740236
ORDK06607,2018-02-23,09:41:24,Breakfast,BK,"[('Coffee', 1), ('Cereal', 10)]",217.5,-37.8065586,144.932506,0.0,10.349,15.3175986
ORDC01127,2018-03-22,10:32:06,Breakfast,NS,"[('Eggs', 1), ('Pancake', 3), ('Cereal', 2), ('Coffee', 1)]",144.25,-37.8169947,144.9614569,0.0,8.527,13.3361652
ORDJ10168,2018-09-06,16:16:54,Dinner,TP,"[('Fish&Chips', 2), ('Pasta', 8), ('Shrimp', 5)]",560.0,-37.8159687,144.9339652,0.0,10.735,14.9819632
ORDZ02098,2018-07-27,14:45:38,Lunch,NS,"[('Burger', 8), ('Fries', 7), ('Salad', 2), ('Steak', 6), ('Chicken', 9)]",924.4,-37.8002505,144.9700839,0.0,6.126,11.639074056268155
ORDJ01487,2018-02-10,09:10:59,Breakfast,TP,"[('Coffee', 8), ('Cereal', 7), ('Pancake', 10), ('Eggs', 5)]",559.5,-37.8244191,144.9733024,0.0,8.363,12.8391542
ORDJ09523,2018-02-13,09:21:07,Breakfast,TP,"[('Eggs', 4), ('Pancake', 8)]",282.0,-37.8249474,144.9922858,0.0,9.766,12.7454913
ORDA06297,2018-08-01,14:55:46,Lunch,BK,"[('Burger', 10), ('Fries', 8)]",406.0,-37.7993831,144.9726949,0.0,7.5,13.5465464
ORDB04577,2018-03-03,10:01:41,Breakfast,TP,"[('Pancake', 4), ('Eggs', 5)]",207.0,-37.8185141,144.9758658,0.0,8.436,12.694264727118464
ORDB09484,2018-08-05,15:05:54,Lunch,TP,"[('Fries', 10), ('Salad', 9)]",274.8,-37.8145912,144.9469568,0.0,9.377,14.4400822
ORDX10694,2018-09-24,16:47:19,Dinner,BK,"[('Pasta', 3), ('Salmon', 5), ('Fish&Chips', 5)]",462.5,-37.8209493,144.9474302,0.0,9.334,16.3780027
ORDK07146,2018-06-13,13:24:30,Lunch,BK,"[('Burger', 3), ('Fries', 4)]",141.0,-37.8050751,144.9715944,0.0,7.011,13.0923742
ORDA04906,2018-09-26,16:57:27,Dinner,BK,"[('Salmon', 1), ('Pasta', 6), ('Fish&Chips', 7), ('Shrimp', 7)]",829.0,-37.811274,144.9518381,0.0,8.56,15.419437
ORDZ04044,2018-06-09,13:14:21,Lunch,NS,"[('Steak', 2), ('Fries', 7), ('Burger', 1), ('Salad', 2), ('Chicken', 2)]",303.4,-37.8043808,145.0133855,0.0,10.254,17.1561198
ORDC09608,2018-10-04,17:07:36,Dinner,NS,"[('Salmon', 4), ('Pasta', 7), ('Fish&Chips', 9)]",671.5,-37.8148679,144.9350931,0.0,10.137,16.4279408
ORDB05448,2018-10-11,17:17:44,Dinner,TP,"[('Shrimp', 8), ('Pasta', 4), ('Fish&Chips', 6), ('Salmon', 7)]",1039.0,-37.8119927,144.9533834,0.0,8.942,12.5213268
ORDK00930,2018-04-14,11:22:49,Breakfast,BK,"[('Eggs', 8), ('Pancake', 6), ('Cereal', 1)]",342.5,-37.8194217,144.9549165,0.0,8.677,15.9080415
ORDZ10591,2018-08-06,15:05:54,Lunch,NS,"[('Salad', 3), ('Fries', 5), ('Burger', 3), ('Chicken', 10)]",524.6,-37.8056711,144.9635518,0.0,7.294,12.5036231
ORDX02016,2018-02-26,09:51:32,Breakfast,BK,"[('Coffee', 6), ('Eggs', 3)]",111.0,-37.8094971,144.9722022,0.0,6.728,11.8093098
ORDC01160,2018-02-17,09:31:16,Breakfast,NS,"[('Cereal', 7), ('Coffee', 8), ('Eggs', 4), ('Pancake', 8)]",489.0,-37.8093871,144.963212,0.0,7.556,14.0953575
ORDA07867,2018-01-27,08:50:42,Breakfast,BK,"[('Eggs', 3), ('Pancake', 3), ('Cereal', 5), ('Coffee', 9)]",311.25,-37.8163449,144.9596659,0.0,8.135,15.47559158880806
ORDY09309,2018-10-07,17:17:44,Dinner,TP,"[('Fish&Chips', 1), ('Shrimp', 4), ('Pasta', 6), ('Salmon', 2)]",498.0,-37.8212372,144.961431,0.0,7.424,13.2313134
ORDC00195,2018-02-01,09:00:50,Breakfast,NS,"[('Pancake', 2), ('Cereal', 9), ('Eggs', 9)]",435.5,-37.824527,144.9884597,0.0,9.63,13.9885693
ORDY02248,2018-02-27,09:51:32,Breakfast,TP,"[('Cereal', 5), ('Coffee', 1)]",112.5,-37.8017179,144.917208,0.0,12.482,14.4630244
ORDK09754,2018-06-25,13:44:47,Lunch,BK,"[('Steak', 7), ('Fries', 1), ('Chicken', 1)]",359.0,-37.8247212,144.9828449,0.0,7.081,12.9348746
ORDB04780,2018-05-31,12:54:05,Lunch,TP,"[('Salad', 4), ('Fries', 2)]",92.8,-37.7993717,144.9579071,0.0,9.788,12.9598534
ORDA03989,2018-11-22,18:49:00,Dinner,BK,"[('Pasta', 10), ('Fish&Chips', 6)]",485.0,-37.8210436,144.9836908,0.0,6.549,12.772421
ORDY04328,2018-05-17,12:23:39,Lunch,TP,"[('Steak', 2), ('Burger', 7), ('Chicken', 4), ('Salad', 4)]",503.8,-37.8196069,144.9634763,0.0,7.572,10.9362446
ORDZ05196,2018-12-18,19:39:43,Dinner,NS,"[('Salmon', 4), ('Pasta', 10)]",439.0,-37.8086915,144.9467168,0.0,8.895,14.5651092
ORDX06832,2018-08-24,15:46:28,Lunch,BK,"[('Fries', 3), ('Chicken', 1)]",68.0,-37.8210479,144.9655492,0.0,7.999,13.8832032
ORDK06298,2018-02-09,09:10:59,Breakfast,BK,"[('Eggs', 2), ('Pancake', 7)]",213.75,-37.8157243,144.9500937,0.0,9.361,14.4233917
ORDZ07409,2018-09-21,16:47:19,Dinner,NS,"[('Pasta', 7), ('Fish&Chips', 10), ('Shrimp', 5), ('Salmon', 9)]",1181.5,-37.824333,144.9754746,0.0,9.234,15.3989599
ORDA00748,2018-08-03,15:05:54,Lunch,BK,"[('Fries', 8), ('Chicken', 5), ('Salad', 10), ('Steak', 10)]",878.0,-37.8194048,144.9716681,0.0,7.922,14.0843327
ORDA03393,2018-02-25,09:41:24,Breakfast,BK,"[('Pancake', 1), ('Eggs', 2), ('Cereal', 3)]",131.25,-37.815445,144.9587356,0.0,8.148,15.3230106
ORDK00231,2018-05-09,12:13:31,Lunch,BK,"[('Fries', 1), ('Chicken', 4), ('Salad', 4)]",208.8,-37.802419,144.99178,0.0,5.597,10.7853701
ORDZ01524,2018-05-13,12:23:39,Lunch,NS,"[('Burger', 1), ('Salad', 5), ('Steak', 7), ('Fries', 5)]",492.0,-37.7995785,144.9596198,0.0,7.232,15.0860624
ORDJ09417,2018-02-03,09:00:50,Breakfast,TP,"[('Coffee', 10), ('Cereal', 5)]",180.0,-37.8239721,144.9910896,0.0,9.51,13.0855252
ORDI09609,2018-12-16,19:29:34,Dinner,NS,"[('Salmon', 2), ('Fish&Chips', 10)]",432.0,-37.814417,144.9388882,0.0,9.731,17.5624046
ORDB08516,2018-09-23,16:47:19,Dinner,TP,"[('Pasta', 2), ('Salmon', 7)]",342.0,-37.824756,144.9568999,0.0,8.082,13.8041227
ORDJ04118,2018-03-18,10:32:06,Breakfast,TP,"[('Coffee', 8), ('Eggs', 6), ('Pancake', 8), ('Cereal', 9)]",575.0,-37.803274,144.9556341,0.0,9.523,13.57177519256937
ORDB04164,2018-09-12,16:27:02,Dinner,TP,"[('Fish&Chips', 3), ('Shrimp', 3), ('Pasta', 10), ('Salmon', 1)]",583.0,-37.8067543,144.9414231,0.0,10.25,13.9679674
ORDC03111,2018-04-01,10:52:23,Breakfast,NS,"[('Eggs', 7), ('Cereal', 8), ('Coffee', 10), ('Pancake', 4)]",494.0,-37.8192673,144.9788564,0.0,9.479,16.2131805
ORDY04286,2018-09-14,16:27:02,Dinner,TP,"[('Salmon', 7), ('Fish&Chips', 9), ('Shrimp', 5), ('Pasta', 1)]",899.5,-37.8138504,144.9573018,0.0,8.403,13.178103
ORDA07328,2018-04-09,11:12:40,Breakfast,BK,"[('Eggs', 3), ('Pancake', 3)]",138.75,-37.8000075,144.9371309,0.0,10.566,15.248655142467111
ORDJ04474,2018-03-24,10:42:15,Breakfast,TP,"[('Cereal', 6), ('Coffee', 7)]",178.5,-37.8202377,145.01446,0.0,11.885,15.8026067
ORDX01411,2018-03-11,10:11:49,Breakfast,BK,"[('Pancake', 2), ('Eggs', 2), ('Coffee', 3), ('Cereal', 1)]",136.0,-37.802562,144.9637171,0.0,7.755,15.2336965
ORDX04970,2018-06-27,13:54:55,Lunch,BK,"[('Steak', 1), ('Burger', 10)]",355.0,-37.8249626,144.9848785,0.0,6.868,12.5012927
ORDA11074,2018-05-06,12:03:22,Lunch,BK,"[('Steak', 8), ('Fries', 6), ('Chicken', 3), ('Salad', 4), ('Burger', 4)]",720.8,-37.8167802,144.965937,0.0,7.565,16.2426919
ORDJ02013,2018-05-05,12:03:22,Lunch,TP,"[('Salad', 5), ('Chicken', 1), ('Steak', 7), ('Fries', 4), ('Burger', 2)]",543.0,-37.8116631,145.0098376,0.0,11.912,16.5250588
ORDX00565,2018-09-01,16:06:45,Dinner,BK,"[('Fish&Chips', 8), ('Pasta', 10)]",555.0,-37.8155951,144.9580329,0.0,8.213,17.2448686
ORDA03253,2018-04-27,11:43:05,Breakfast,BK,"[('Coffee', 8), ('Cereal', 6), ('Eggs', 9)]",384.0,-37.8134818,144.9501435,0.0,8.678,13.1341871
ORDY08818,2018-04-12,11:22:49,Breakfast,TP,"[('Cereal', 5), ('Pancake', 7), ('Eggs', 6)]",406.75,-37.8019579,144.9430325,0.0,10.579,12.849850663976037
ORDI05008,2018-07-12,14:25:21,Lunch,NS,"[('Fries', 7), ('Salad', 2)]",118.4,-37.8223746,144.947751,0.0,9.97,15.8842975
ORDA04264,2018-03-04,10:01:41,Breakfast,BK,"[('Pancake', 2), ('Cereal', 2), ('Eggs', 3)]",156.5,-37.8155051,144.935688,0.0,10.125,17.5887194
ORDI00628,2018-11-24,18:49:00,Dinner,NS,"[('Pasta', 2), ('Fish&Chips', 3), ('Salmon', 7), ('Shrimp', 1)]",501.0,-37.8132262,144.9405711,0.0,9.609,17.9922481
ORDA02927,2018-08-19,15:36:20,Lunch,BK,"[('Chicken', 9), ('Steak', 4), ('Salad', 3)]",519.6,-37.8157564,144.9583646,0.0,8.197,16.2041908
ORDC02294,2018-06-10,13:14:21,Lunch,NS,"[('Chicken', 9), ('Salad', 3), ('Burger', 1), ('Fries', 9), ('Steak', 10)]",928.6,-37.8150557,144.9451777,0.0,9.171,16.4370872
ORDB00662,2018-12-03,19:09:17,Dinner,TP,"[('Salmon', 1), ('Shrimp', 6), ('Pasta', 6)]",530.0,-37.8173683,144.9596829,0.0,8.0,12.340334914169953
ORDX05758,2018-03-12,10:11:49,Breakfast,BK,"[('Eggs', 10), ('Pancake', 3)]",292.75,-37.8076636,144.9714383,0.0,6.668,11.736446
ORDY03334,2018-10-27,17:58:18,Dinner,TP,"[('Shrimp', 4), ('Fish&Chips', 4), ('Salmon', 8)]",684.0,-37.8204679,144.9660046,0.0,7.419,13.4299068
ORDC00191,2018-04-20,11:32:57,Breakfast,NS,"[('Eggs', 8), ('Coffee', 10), ('Pancake', 1), ('Cereal', 10)]",485.25,-37.8174616,144.9527164,0.0,9.042,14.5102971
ORDA05956,2018-10-31,17:58:18,Dinner,BK,"[('Salmon', 1), ('Shrimp', 8), ('Fish&Chips', 4), ('Pasta', 5)]",750.5,-37.8198767,144.9917718,0.0,5.665,12.2751548
ORDK10195,2018-06-01,12:54:05,Lunch,BK,"[('Burger', 3), ('Steak', 6), ('Fries', 2), ('Chicken', 4), ('Salad', 1)]",532.2,-37.8122064,144.9531642,0.0,8.408,14.3312694
ORDY08727,2018-08-16,15:26:11,Lunch,TP,"[('Chicken', 3), ('Salad', 3)]",147.6,-37.8105932,145.0007346,0.0,11.102,13.9777311
ORDB09059,2018-08-01,14:55:46,Lunch,TP,"[('Salad', 8), ('Chicken', 6), ('Burger', 5), ('Steak', 2), ('Fries', 4)]",622.6,-37.799838,144.9622065,0.0,9.81,13.4557523
ORDX02866,2018-04-22,11:32:57,Breakfast,BK,"[('Coffee', 6), ('Pancake', 7)]",214.75,-37.8203539,144.9699435,0.0,7.777,15.024092
ORDA09531,2018-07-13,14:25:21,Lunch,BK,"[('Burger', 10), ('Salad', 10), ('Fries', 1), ('Steak', 1)]",539.0,-37.8251658,144.9539166,0.0,9.509,15.5930296
ORDI09735,2018-03-19,10:32:06,Breakfast,NS,"[('Coffee', 2), ('Pancake', 2), ('Eggs', 3)]",129.5,-37.8009706,144.949928,0.0,8.037,13.1001797
ORDI03094,2018-04-05,11:02:32,Breakfast,NS,"[('Coffee', 7), ('Eggs', 2), ('Cereal', 7), ('Pancake', 4)]",340.5,-37.8111953,145.0070963,0.0,10.065,15.3004218
ORDC08014,2018-03-05,10:01:41,Breakfast,NS,"[('Eggs', 2), ('Pancake', 2), ('Coffee', 7)]",145.0,-37.7922014,144.9366421,0.0,10.03,15.0221336
ORDB01262,2018-12-28,20:00:00,Dinner,TP,"[('Salmon', 4), ('Fish&Chips', 8), ('Shrimp', 2), ('Pasta', 9)]",799.5,-37.7973074,145.0090702,0.0,12.946,16.7550221
ORDI10611,2018-11-12,18:28:43,Dinner,NS,"[('Shrimp', 10), ('Salmon', 1), ('Fish&Chips', 4), ('Pasta', 7)]",913.5,-37.8176396,144.9592331,0.0,8.718,14.3697268
ORDY04038,2018-09-04,16:06:45,Dinner,TP,"[('Shrimp', 9), ('Pasta', 4)]",596.0,-37.8006595,144.9504862,0.0,10.191,14.086294
ORDX03823,2018-06-21,13:34:38,Lunch,BK,"[('Chicken', 9), ('Fries', 5)]",348.0,-37.7997319,144.9636806,0.0,8.092,14.3070591
ORDI05709,2018-02-10,09:21:07,Breakfast,NS,"[('Cereal', 3), ('Coffee', 6), ('Eggs', 1)]",130.0,-37.8107465,144.9673176,0.0,7.391,14.5933333
ORDB03370,2018-03-10,10:11:49,Breakfast,TP,"[('Eggs', 9), ('Coffee', 1), ('Pancake', 4), ('Cereal', 4)]",386.5,-37.8230387,144.9759409,0.0,8.172,12.2506451
ORDC00446,2018-01-24,08:40:33,Breakfast,NS,"[('Eggs', 8), ('Cereal', 7), ('Coffee', 8)]",383.0,-37.8181002,144.9667358,0.0,8.426,13.3840325
ORDZ09069,2018-05-06,12:03:22,Lunch,NS,"[('Burger', 5), ('Chicken', 8), ('Salad', 3), ('Steak', 9)]",867.6,-37.8085607,144.9476394,0.0,8.849,16.9065587
ORDA10475,2018-08-06,15:05:54,Lunch,BK,"[('Chicken', 4), ('Salad', 1), ('Fries', 9)]",253.2,-37.8056711,144.9635518,0.0,7.516,13.4145342
ORDK02671,2018-11-26,18:49:00,Dinner,BK,"[('Shrimp', 8), ('Salmon', 5), ('Pasta', 9)]",884.5,-37.8125339,144.9362062,0.0,10.545,17.7676366
ORDX10263,2018-01-30,08:50:42,Breakfast,BK,"[('Coffee', 3), ('Eggs', 7)]",176.5,-37.8095238,144.9904915,0.0,4.986,10.00205555460332
ORDY01101,2018-05-09,12:13:31,Lunch,TP,"[('Salad', 3), ('Fries', 2), ('Chicken', 4), ('Burger', 1), ('Steak', 1)]",279.6,-37.8017065,144.9636652,0.0,9.562,12.806002851238935
ORDA04435,2018-03-30,10:52:23,Breakfast,BK,"[('Pancake', 2), ('Cereal', 1), ('Eggs', 6), ('Coffee', 8)]",261.5,-37.80156,144.9573359,0.0,8.215,12.8492308
ORDA01889,2018-12-08,19:19:26,Dinner,BK,"[('Pasta', 1), ('Fish&Chips', 4), ('Salmon', 6), ('Shrimp', 6)]",737.5,-37.8168468,144.9579291,0.0,8.301,17.6812499
ORDI06141,2018-09-04,16:06:45,Dinner,NS,"[('Shrimp', 6), ('Fish&Chips', 8)]",604.0,-37.801043,145.0039793,0.0,9.493,15.6403525
ORDZ07046,2018-10-21,17:38:01,Dinner,NS,"[('Shrimp', 4), ('Fish&Chips', 4), ('Pasta', 9), ('Salmon', 1)]",644.5,-37.8072243,144.9924968,0.0,8.489,16.7479091
ORDJ08670,2018-03-21,10:32:06,Breakfast,TP,"[('Pancake', 2), ('Eggs', 6)]",180.5,-37.8167841,144.9616873,0.0,8.001,10.5999232
ORDI00721,2018-09-03,16:06:45,Dinner,NS,"[('Pasta', 2), ('Salmon', 7)]",342.0,-37.8144982,144.9355209,0.0,10.127,16.1818594
ORDI04089,2018-06-14,13:24:30,Lunch,NS,"[('Steak', 4), ('Salad', 1), ('Burger', 10), ('Chicken', 4), ('Fries', 3)]",671.2,-37.8003684,144.967071,0.0,6.459,11.9049163
ORDX08050,2018-11-06,18:18:35,Dinner,BK,"[('Fish&Chips', 4), ('Shrimp', 4), ('Salmon', 9), ('Pasta', 9)]",972.5,-37.8103906,144.9612267,0.0,7.637,14.5366475
ORDJ06813,2018-07-12,14:15:12,Lunch,TP,"[('Steak', 5), ('Chicken', 5), ('Fries', 3), ('Burger', 8)]",669.0,-37.8168733,145.0072661,0.0,11.442,14.7763625
ORDI03299,2018-07-16,14:25:21,Lunch,NS,"[('Fries', 4), ('Salad', 7), ('Chicken', 6), ('Burger', 10)]",670.4,-37.8220233,144.9539584,0.0,9.6,15.093816779141104
ORDX02722,2018-03-07,10:01:41,Breakfast,BK,"[('Cereal', 4), ('Pancake', 2)]",132.5,-37.8240299,144.9852688,0.0,6.631,11.5926466
ORDA02973,2018-11-16,18:38:52,Dinner,BK,"[('Shrimp', 5), ('Pasta', 4)]",380.0,-37.8186204,144.961466,0.0,8.063,15.2842021
ORDI05815,2018-09-24,16:47:19,Dinner,NS,"[('Shrimp', 7), ('Salmon', 2), ('Fish&Chips', 1), ('Pasta', 6)]",660.0,-37.8158973,144.964698,0.0,8.238,14.6745473
ORDC08709,2018-01-14,08:20:16,Breakfast,NS,"[('Eggs', 9), ('Coffee', 5)]",235.5,-37.8178009,144.9887597,1.0,9.193,8.1459758
ORDB02384,2018-07-27,14:45:38,Lunch,TP,"[('Fries', 10), ('Steak', 8), ('Chicken', 9)]",768.0,-37.8191726,144.9651628,0.0,7.379,10.8728391
ORDZ08613,2018-04-22,11:43:05,Breakfast,NS,"[('Eggs', 4), ('Coffee', 5), ('Pancake', 1), ('Cereal', 1)]",170.75,-37.8192605,144.9528276,0.0,9.295,16.0321376
ORDB02883,2018-11-17,18:38:52,Dinner,TP,"[('Pasta', 5), ('Fish&Chips', 4), ('Salmon', 1), ('Shrimp', 6)]",642.5,-37.8015018,144.9661038,0.0,9.745,15.3326742
ORDB08904,2018-08-30,15:56:37,Lunch,TP,"[('Fries', 2), ('Steak', 9), ('Salad', 7), ('Burger', 7), ('Chicken', 10)]",1086.4,-37.8227036,144.9640081,0.0,7.531,11.0247693
ORDK07432,2018-08-21,15:36:20,Lunch,BK,"[('Fries', 2), ('Salad', 10), ('Burger', 2)]",258.0,-37.8127632,144.9939639,0.0,4.917,10.7373761
ORDY04192,2018-04-01,10:52:23,Breakfast,TP,"[('Pancake', 3), ('Cereal', 8), ('Coffee', 4)]",270.75,-37.817049,144.9534384,0.0,8.592,12.8119915
ORDB06266,2018-04-10,11:12:40,Breakfast,TP,"[('Pancake', 10), ('Coffee', 6)]",287.5,-37.8051455,144.9723293,0.0,9.686,12.1608951246446
ORDC10865,2018-10-01,17:07:36,Dinner,NS,"[('Shrimp', 5), ('Pasta', 10), ('Salmon', 8)]",873.0,-37.8126372,144.9740845,0.0,7.624,14.0315512
ORDK03966,2018-11-23,18:49:00,Dinner,BK,"[('Salmon', 3), ('Fish&Chips', 5)]",298.0,-37.8102905,144.9394264,0.0,9.811,17.2694876
ORDB07877,2018-03-06,10:01:41,Breakfast,TP,"[('Eggs', 7), ('Coffee', 2), ('Cereal', 8)]",337.0,-37.8132106,144.9512199,0.0,9.087,12.1246594
ORDC09015,2018-05-25,12:43:56,Lunch,NS,"[('Steak', 2), ('Burger', 4), ('Salad', 2)]",248.4,-37.8249498,144.9490132,0.0,10.214,15.65482188977688
ORDA01388,2018-09-03,16:06:45,Dinner,BK,"[('Shrimp', 2), ('Fish&Chips', 4)]",248.0,-37.8127385,144.9650912,0.0,7.601,13.9567612
ORDA00825,2018-10-05,17:07:36,Dinner,BK,"[('Shrimp', 8), ('Pasta', 6), ('Fish&Chips', 2)]",667.0,-37.8150464,144.9718458,0.0,6.995,13.8758204
ORDB01120,2018-07-11,14:15:12,Lunch,TP,"[('Chicken', 5), ('Fries', 1), ('Burger', 3), ('Salad', 10)]",437.0,-37.8170017,145.0049113,0.0,11.226,14.3376486
ORDZ04467,2018-06-23,13:44:47,Lunch,NS,"[('Fries', 8), ('Steak', 8), ('Salad', 4), ('Burger', 5)]",679.8,-37.8060521,144.9580733,0.0,7.757,15.5267719
ORDX02023,2018-08-27,15:56:37,Lunch,BK,"[('Fries', 8), ('Steak', 5), ('Salad', 6), ('Chicken', 8), ('Burger', 10)]",990.2,-37.8192146,144.954247,0.0,8.698,14.9141481
ORDB04051,2018-12-31,20:00:00,Dinner,TP,"[('Fish&Chips', 5), ('Salmon', 1), ('Shrimp', 2), ('Pasta', 8)]",544.0,-37.8010486,145.0043017,0.0,12.205,15.6492477
ORDB02457,2018-08-17,15:36:20,Lunch,TP,"[('Steak', 2), ('Salad', 2), ('Burger', 4), ('Fries', 4)]",296.4,-37.8146466,144.9578555,0.0,8.297,12.2898602
ORDA07176,2018-08-09,15:16:03,Lunch,BK,"[('Fries', 6), ('Chicken', 8)]",328.0,-37.8007208,144.959719,0.0,8.245,13.3796597
ORDZ06630,2018-01-21,08:40:33,Breakfast,NS,"[('Cereal', 2), ('Coffee', 7)]",94.5,-37.8061216,144.9639872,0.0,7.2,14.5665147
ORDK01554,2018-10-26,17:48:10,Dinner,BK,"[('Fish&Chips', 3), ('Salmon', 5), ('Shrimp', 4), ('Pasta', 4)]",636.0,-37.79821,144.91649,0.0,11.649,18.3027932
ORDC01886,2018-01-02,08:00:00,Breakfast,NS,"[('Coffee', 4), ('Eggs', 10), ('Pancake', 8)]",444.0,-37.8271977,144.9939748,1.0,10.083,7.6119142
ORDJ00503,2018-03-17,10:21:58,Breakfast,TP,"[('Eggs', 1), ('Pancake', 9), ('Cereal', 3)]",303.25,-37.807502,144.942541,0.0,10.171,13.5573914
ORDY06794,2018-07-14,14:25:21,Lunch,TP,"[('Steak', 8), ('Burger', 4)]",484.0,-37.8190211,145.003764,0.0,10.923,15.1805703
ORDI11033,2018-10-19,17:38:01,Dinner,NS,"[('Salmon', 2), ('Shrimp', 5), ('Fish&Chips', 3)]",457.0,-37.8089457,144.9848101,0.0,8.067,14.4930748
ORDY00158,2018-02-25,09:41:24,Breakfast,TP,"[('Cereal', 8), ('Eggs', 9), ('Pancake', 7)]",535.75,-37.8233262,144.9720465,0.0,8.235,12.2821619
ORDA01027,2018-10-04,17:07:36,Dinner,BK,"[('Pasta', 6), ('Shrimp', 8), ('Fish&Chips', 9), ('Salmon', 1)]",953.0,-37.8189252,144.9957258,0.0,5.245,12.061446830482975
ORDK01888,2018-10-11,17:17:44,Dinner,BK,"[('Pasta', 2), ('Salmon', 2), ('Fish&Chips', 3)]",242.0,-37.8120855,144.9535613,0.0,8.43,15.0570453
ORDY04212,2018-12-28,20:00:00,Dinner,TP,"[('Salmon', 4), ('Pasta', 2), ('Shrimp', 3), ('Fish&Chips', 7)]",626.0,-37.8238015,144.9561181,0.0,7.981,11.4786017
ORDI09636,2018-09-01,15:56:37,Lunch,NS,"[('Fries', 3), ('Steak', 6), ('Chicken', 5), ('Salad', 7), ('Burger', 7)]",803.4,-37.8172078,144.9533303,0.0,8.974,16.7404153
ORDJ02608,2018-04-11,11:12:40,Breakfast,TP,"[('Coffee', 7), ('Pancake', 1), ('Cereal', 3)]",139.75,-37.8029482,144.9481976,0.0,10.013,12.5427477
ORDK10073,2018-08-29,15:56:37,Lunch,BK,"[('Salad', 2), ('Chicken', 9), ('Steak', 7), ('Fries', 6)]",709.4,-37.8104561,144.9613436,0.0,7.64,13.2241332
ORDZ05479,2018-01-31,08:50:42,Breakfast,NS,"[('Eggs', 4), ('Coffee', 3), ('Cereal', 9), ('Pancake', 8)]",493.5,-37.8216836,144.9306946,0.0,11.1,15.7164729
ORDJ01337,2018-10-10,17:17:44,Dinner,TP,"[('Shrimp', 8), ('Fish&Chips', 10)]",782.0,-37.8123896,144.9537134,0.0,9.058,13.635476
ORDX07511,2018-05-08,12:13:31,Lunch,BK,"[('Chicken', 4), ('Burger', 6)]",314.0,-37.8051249,144.9614898,0.0,9.567,15.4682146
ORDK02869,2018-09-01,16:06:45,Dinner,BK,"[('Fish&Chips', 7), ('Pasta', 9), ('Shrimp', 2)]",600.5,-37.8164028,144.9552605,0.0,8.476,17.7665256
ORDJ02067,2018-04-24,11:43:05,Breakfast,TP,"[('Coffee', 7), ('Eggs', 4), ('Pancake', 8), ('Cereal', 10)]",544.5,-37.8018643,144.9584873,0.0,9.515,11.7541764
ORDX07354,2018-01-21,08:40:33,Breakfast,BK,"[('Cereal', 1), ('Eggs', 7), ('Coffee', 3)]",197.5,-37.8039708,144.9764153,0.0,6.723,14.5818881
ORDJ10598,2018-01-06,08:10:08,Breakfast,TP,"[('Eggs', 4), ('Pancake', 2), ('Cereal', 4)]",220.5,-37.8047597,144.9537634,1.0,9.497,6.6037472
ORDY04779,2018-11-06,18:18:35,Dinner,TP,"[('Shrimp', 10), ('Pasta', 9)]",787.5,-37.8103906,144.9612267,0.0,8.492,12.7312605
ORDK09437,2018-05-10,12:13:31,Lunch,BK,"[('Salad', 5), ('Burger', 9), ('Chicken', 8), ('Fries', 10), ('Steak', 8)]",1101.0,-37.8250262,144.9422508,0.0,10.012,15.9715869
ORDC02050,2018-06-24,13:44:47,Lunch,NS,"[('Steak', 1), ('Chicken', 1)]",77.0,-37.8106436,144.9458042,0.0,9.091,16.7064275
ORDA02912,2018-04-11,11:12:40,Breakfast,BK,"[('Eggs', 3), ('Coffee', 4), ('Pancake', 5)]",217.25,-37.8406543,144.9930679,0.0,10.893,15.534372669169914
ORDK10885,2018-05-04,12:03:22,Lunch,BK,"[('Burger', 9), ('Fries', 4), ('Steak', 10), ('Chicken', 8), ('Salad', 8)]",1170.6,-37.8110334,144.9635955,0.0,7.682,13.1057089
ORDX11104,2018-06-01,12:54:05,Lunch,BK,"[('Chicken', 8), ('Fries', 6)]",328.0,-37.8223544,144.9524944,0.0,9.007,15.0811368
ORDK03076,2018-01-22,08:40:33,Breakfast,BK,"[('Eggs', 9), ('Cereal', 4)]",282.0,-37.8027963,144.9749412,0.0,6.941,11.941200380957884
ORDX10763,2018-02-07,09:10:59,Breakfast,BK,"[('Pancake', 4), ('Coffee', 2), ('Cereal', 1)]",133.0,-37.8051063,144.9282488,0.0,10.717,15.6034012
ORDY08075,2018-12-17,19:39:43,Dinner,TP,"[('Shrimp', 5), ('Pasta', 5), ('Fish&Chips', 3), ('Salmon', 10)]",922.5,-37.8065212,144.9493519,0.0,9.606,13.449467
ORDY09426,2018-03-08,10:11:49,Breakfast,TP,"[('Pancake', 4), ('Cereal', 8)]",265.0,-37.8081163,144.9733339,0.0,9.228,11.8902294
ORDX10356,2018-02-05,09:10:59,Breakfast,BK,"[('Coffee', 2), ('Eggs', 2), ('Cereal', 4), ('Pancake', 1)]",167.25,-37.8192236,144.9611303,0.0,8.017,12.6553042
ORDB08075,2018-08-06,15:05:54,Lunch,TP,"[('Fries', 3), ('Salad', 10), ('Burger', 1), ('Chicken', 5)]",399.0,-37.8119739,144.986043,0.0,9.613,12.1743579
ORDZ10996,2018-11-08,18:18:35,Dinner,NS,"[('Pasta', 2), ('Shrimp', 9), ('Fish&Chips', 8), ('Salmon', 1)]",862.0,-37.799115,144.9600818,0.0,7.133,13.2470005
ORDZ03641,2018-04-14,11:22:49,Breakfast,NS,"[('Cereal', 10), ('Coffee', 10), ('Pancake', 3)]",357.75,-37.8077444,144.9469661,0.0,8.889,15.897215823887318
ORDI00535,2018-07-18,14:35:29,Lunch,NS,"[('Fries', 5), ('Burger', 7), ('Steak', 4), ('Chicken', 8), ('Salad', 6)]",816.2,-37.8123423,144.968408,0.0,7.539,12.5959663
ORDI10112,2018-12-08,19:19:26,Dinner,NS,"[('Pasta', 5), ('Shrimp', 4), ('Salmon', 8)]",681.5,-37.8067765,144.9628773,0.0,7.35,15.7317446
ORDC04667,2018-11-02,18:08:27,Dinner,NS,"[('Fish&Chips', 1), ('Salmon', 6), ('Shrimp', 3)]",443.0,-37.8245027,144.9798358,0.0,9.139,15.2464551
ORDZ03739,2018-05-18,12:33:48,Lunch,NS,"[('Fries', 3), ('Chicken', 8), ('Steak', 10), ('Burger', 7)]",959.0,-37.8025227,145.0050195,0.0,9.456,14.5387289
ORDX08253,2018-12-21,19:39:43,Dinner,BK,"[('Shrimp', 6), ('Fish&Chips', 7)]",569.0,-37.8054164,144.9615204,0.0,7.697,14.3411889
ORDY05417,2018-04-07,11:12:40,Breakfast,TP,"[('Coffee', 5), ('Eggs', 8)]",213.5,-37.8160237,145.0089436,0.0,11.657,16.0427538
ORDI07420,2018-11-23,18:49:00,Dinner,NS,"[('Shrimp', 5), ('Pasta', 7)]",462.5,-37.802433,144.9565755,0.0,7.588,13.5457769
ORDX06701,2018-05-25,12:43:56,Lunch,BK,"[('Burger', 9), ('Chicken', 5), ('Steak', 6), ('Fries', 1)]",721.0,-37.8249905,144.9494115,0.0,9.449,15.345109
ORDA01305,2018-09-30,16:57:27,Dinner,BK,"[('Fish&Chips', 10), ('Pasta', 2), ('Shrimp', 3), ('Salmon', 7)]",854.0,-37.8195727,144.9973713,0.0,5.17,14.2393574
ORDZ10728,2018-07-22,14:45:38,Lunch,NS,"[('Salad', 8), ('Fries', 1)]",149.6,-37.8237935,144.9826824,0.0,9.225,17.4907654
ORDZ09424,2018-05-14,12:23:39,Lunch,NS,"[('Burger', 2), ('Fries', 7), ('Chicken', 10), ('Steak', 7)]",781.0,-37.8054845,144.9438349,0.0,9.048,14.5043829
ORDY05571,2018-04-19,11:32:57,Breakfast,TP,"[('Pancake', 1), ('Coffee', 9), ('Cereal', 6)]",217.75,-37.813274,144.9737564,0.0,8.622,11.578556
ORDC01234,2018-04-09,11:12:40,Breakfast,NS,"[('Coffee', 7), ('Pancake', 5), ('Cereal', 7), ('Eggs', 3)]",386.75,-37.8172916,144.9675174,0.0,8.297,13.0685863
ORDY05436,2018-10-12,17:27:53,Dinner,TP,"[('Salmon', 9), ('Fish&Chips', 3), ('Shrimp', 8)]",906.0,-37.8191118,144.96349,0.0,7.957,12.571577
ORDY10380,2018-08-23,15:46:28,Lunch,TP,"[('Steak', 2), ('Salad', 8), ('Burger', 6), ('Chicken', 7), ('Fries', 3)]",673.6,-37.8248196,144.9282668,0.0,16.645,19.0175531
ORDI01291,2018-05-17,12:23:39,Lunch,NS,"[('Chicken', 4), ('Burger', 10), ('Fries', 5), ('Salad', 1)]",515.2,-37.802179,144.9346166,0.0,10.432,15.8734599
ORDZ01627,2018-09-30,16:57:27,Dinner,NS,"[('Shrimp', 6), ('Fish&Chips', 1), ('Pasta', 7), ('Salmon', 8)]",879.5,-37.8162225,144.9383605,0.0,9.903,17.4466311
ORDK03313,2018-02-14,09:21:07,Breakfast,BK,"[('Pancake', 7), ('Cereal', 3)]",232.75,-37.8107321,145.0100246,0.0,3.346,8.1243669
ORDA07272,2018-12-22,19:49:51,Dinner,BK,"[('Pasta', 2), ('Fish&Chips', 3), ('Shrimp', 1)]",214.0,-37.8087665,144.9580376,0.0,7.916,17.284737
ORDA04982,2018-05-10,12:13:31,Lunch,BK,"[('Steak', 9), ('Burger', 1), ('Salad', 9), ('Fries', 2), ('Chicken', 10)]",934.8,-37.7984323,144.9643842,0.0,8.206,14.3786076
ORDJ08419,2018-10-31,17:58:18,Dinner,TP,"[('Shrimp', 7), ('Fish&Chips', 9), ('Pasta', 2)]",748.0,-37.820854,144.9623784,0.0,7.331,11.7342173
ORDI03486,2018-02-06,09:10:59,Breakfast,NS,"[('Eggs', 8), ('Coffee', 5), ('Cereal', 6), ('Pancake', 1)]",363.75,-37.8245676,144.9890104,0.0,9.653,14.4176913
ORDZ09743,2018-12-31,20:00:00,Dinner,NS,"[('Fish&Chips', 10), ('Shrimp', 1), ('Pasta', 8), ('Salmon', 1)]",665.0,-37.8032079,145.0079329,0.0,9.979,16.2322665
ORDJ01701,2018-11-22,18:49:00,Dinner,TP,"[('Salmon', 10), ('Pasta', 8), ('Fish&Chips', 6)]",840.0,-37.8070268,144.9709796,0.0,9.359,13.4725083
ORDX00699,2018-08-03,15:05:54,Lunch,BK,"[('Chicken', 2), ('Steak', 1)]",109.0,-37.8122756,144.973739,0.0,6.776,12.633699
ORDB07837,2018-06-22,13:44:47,Lunch,TP,"[('Salad', 8), ('Fries', 9), ('Steak', 3), ('Chicken', 2), ('Burger', 1)]",475.6,-37.823141,144.9707969,0.0,8.029,11.4367851
ORDY07214,2018-07-13,14:25:21,Lunch,TP,"[('Fries', 6), ('Steak', 10), ('Burger', 10)]",832.0,-37.8164586,145.0041641,0.0,11.153,14.5235561
ORDI04963,2018-11-05,18:08:27,Dinner,NS,"[('Shrimp', 3), ('Fish&Chips', 3), ('Pasta', 7)]",459.5,-37.8194259,144.9819366,0.0,8.903,15.0776344
ORDA05065,2018-06-26,13:44:47,Lunch,BK,"[('Fries', 10), ('Salad', 7), ('Burger', 10), ('Chicken', 5)]",710.4,-37.8191281,144.9651789,0.0,8.155,13.8512855
ORDB02669,2018-12-19,19:39:43,Dinner,TP,"[('Salmon', 8), ('Shrimp', 3), ('Pasta', 2), ('Fish&Chips', 9)]",860.0,-37.8149849,144.9275901,0.0,11.796,15.3138741
ORDJ08561,2018-10-09,17:17:44,Dinner,TP,"[('Shrimp', 6), ('Pasta', 2), ('Salmon', 9), ('Fish&Chips', 8)]",1028.0,-37.8119211,144.9522565,0.0,9.088,13.3785927
ORDK10771,2018-12-17,19:39:43,Dinner,BK,"[('Pasta', 2), ('Shrimp', 6), ('Salmon', 2), ('Fish&Chips', 7)]",706.0,-37.8064263,144.9556723,0.0,8.138,15.2838919
ORDX00681,2018-11-22,18:49:00,Dinner,BK,"[('Salmon', 10), ('Fish&Chips', 4), ('Pasta', 3), ('Shrimp', 9)]",1118.5,-37.8252149,144.9562598,0.0,9.762,16.3272536
ORDJ08328,2018-09-29,16:57:27,Dinner,TP,"[('Pasta', 7), ('Fish&Chips', 1)]",227.5,-37.8051044,144.9521935,0.0,9.571,15.1562533
ORDA07565,2018-03-24,10:42:15,Breakfast,BK,"[('Cereal', 1), ('Pancake', 1), ('Coffee', 9), ('Eggs', 8)]",288.75,-37.8185148,144.9829183,0.0,6.418,13.6149436
ORDC05551,2018-01-10,08:10:08,Breakfast,NS,"[('Eggs', 8), ('Coffee', 10)]",251.0,-37.8064858,144.9440298,1.0,9.075,7.0989446
ORDI04977,2018-04-25,11:43:05,Breakfast,NS,"[('Cereal', 10), ('Eggs', 1), ('Coffee', 2)]",247.0,-37.8188112,144.9533734,0.0,9.226,14.257450557940556
ORDI02430,2018-07-20,14:35:29,Lunch,NS,"[('Steak', 2), ('Salad', 6), ('Chicken', 2), ('Burger', 10), ('Fries', 8)]",663.2,-37.8143868,144.942835,0.0,9.474,14.9209724
ORDI01221,2018-02-03,09:00:50,Breakfast,NS,"[('Cereal', 3), ('Eggs', 10), ('Coffee', 2)]",298.0,-37.8097648,144.9782577,0.0,7.686,14.8585203
ORDX01325,2018-10-08,17:17:44,Dinner,BK,"[('Pasta', 2), ('Salmon', 5), ('Fish&Chips', 1), ('Shrimp', 6)]",619.0,-37.8156592,144.9581359,0.0,8.201,15.4602961
ORDX01680,2018-11-02,18:08:27,Dinner,BK,"[('Fish&Chips', 8), ('Salmon', 5), ('Shrimp', 10)]",1025.0,-37.8045099,144.9746016,0.0,6.792,14.0304572
ORDZ07078,2018-04-03,11:02:32,Breakfast,NS,"[('Coffee', 8), ('Cereal', 4)]",144.0,-37.8124603,144.9880446,0.0,8.749,13.5664121
ORDJ08026,2018-12-14,19:29:34,Dinner,TP,"[('Fish&Chips', 4), ('Shrimp', 1), ('Salmon', 8)]",522.0,-37.8201575,144.9651789,0.0,7.273,11.9117966
ORDC01654,2018-01-01,08:00:00,Breakfast,NS,"[('Coffee', 7), ('Cereal', 4), ('Pancake', 1)]",160.75,-37.8073009,144.9578172,1.0,8.061,6.6621843
ORDC00733,2018-05-02,11:53:14,Breakfast,NS,"[('Coffee', 8), ('Eggs', 6)]",192.0,-37.8086478,144.9529789,0.0,8.501,13.2179264
ORDK09882,2018-12-22,19:49:51,Dinner,BK,"[('Pasta', 10), ('Shrimp', 4), ('Fish&Chips', 3), ('Salmon', 6)]",842.0,-37.8057028,144.9675183,0.0,7.208,16.2151855
ORDC09687,2018-05-27,12:43:56,Lunch,NS,"[('Salad', 6), ('Burger', 10), ('Steak', 1)]",458.2,-37.8244443,145.0154211,0.0,11.925,19.7748113
ORDX10930,2018-09-02,16:06:45,Dinner,BK,"[('Fish&Chips', 1), ('Salmon', 6), ('Shrimp', 4), ('Pasta', 5)]",634.5,-37.8122719,144.9695152,0.0,7.119,16.55044176722164
ORDX03612,2018-04-09,11:12:40,Breakfast,BK,"[('Eggs', 5), ('Coffee', 2), ('Pancake', 1), ('Cereal', 4)]",233.25,-37.8024309,144.9436393,0.0,9.265,14.1367159
ORDI05945,2018-04-20,11:32:57,Breakfast,NS,"[('Coffee', 1), ('Pancake', 7)]",177.25,-37.8063685,144.9591999,0.0,7.709,13.1122792
ORDC03801,2018-08-27,15:56:37,Lunch,NS,"[('Fries', 3), ('Salad', 1), ('Burger', 5), ('Chicken', 1), ('Steak', 7)]",555.2,-37.8190036,144.9543182,0.0,9.17,14.9136777
ORDY07627,2018-08-25,15:46:28,Lunch,TP,"[('Steak', 9), ('Burger', 6), ('Fries', 8), ('Chicken', 8), ('Salad', 7)]",1063.4,-37.8181245,144.96939,0.0,7.844,12.9673153
ORDC01169,2018-11-04,18:08:27,Dinner,NS,"[('Pasta', 4), ('Shrimp', 9), ('Fish&Chips', 1), ('Salmon', 6)]",877.0,-37.8101076,144.9448123,0.0,9.127,17.30235
ORDY00234,2018-06-03,13:04:13,Lunch,TP,"[('Salad', 7), ('Steak', 10), ('Burger', 8), ('Chicken', 1)]",850.4,-37.7995106,144.9687729,0.0,10.029,14.9116419
ORDJ05714,2018-02-20,09:41:24,Breakfast,TP,"[('Coffee', 10), ('Pancake', 8)]",269.0,-37.8150469,144.9951377,0.0,10.44,12.4402633
ORDA02675,2018-10-07,17:17:44,Dinner,BK,"[('Fish&Chips', 3), ('Salmon', 5), ('Pasta', 2), ('Shrimp', 7)]",743.0,-37.8087831,144.9612867,0.0,7.791,16.6990479
ORDY08691,2018-07-22,14:35:29,Lunch,TP,"[('Steak', 2), ('Salad', 2), ('Burger', 9), ('Chicken', 3)]",499.4,-37.8088649,144.9478186,0.0,9.702,14.1495516
ORDK05297,2018-06-14,13:24:30,Lunch,BK,"[('Fries', 10), ('Burger', 4)]",244.0,-37.8000788,144.9671174,0.0,7.826,13.754816261180228
ORDA05069,2018-08-05,15:05:54,Lunch,BK,"[('Steak', 7), ('Chicken', 4)]",443.0,-37.8129201,144.9520943,0.0,8.495,16.8759275
ORDA05973,2018-11-21,18:38:52,Dinner,BK,"[('Fish&Chips', 5), ('Pasta', 10), ('Salmon', 3)]",573.0,-37.813099,144.9364265,0.0,10.341,17.2621571
ORDZ08105,2018-12-09,19:19:26,Dinner,NS,"[('Shrimp', 4), ('Salmon', 2), ('Pasta', 7), ('Fish&Chips', 6)]",700.5,-37.809576,144.9727015,0.0,7.279,14.8776932
ORDZ00024,2018-08-25,15:46:28,Lunch,NS,"[('Fries', 7), ('Chicken', 6), ('Burger', 5), ('Salad', 9), ('Steak', 7)]",900.8,-37.8177271,144.9690491,0.0,8.675,16.2777566
ORDC07121,2018-07-17,14:25:21,Lunch,NS,"[('Salad', 1), ('Steak', 8), ('Chicken', 3)]",473.2,-37.8192943,144.9458405,0.0,9.693,14.4451921
ORDX04364,2018-11-11,18:18:35,Dinner,BK,"[('Salmon', 1), ('Fish&Chips', 4), ('Shrimp', 6), ('Pasta', 8)]",725.0,-37.8028781,144.9606271,0.0,7.967,17.220817
ORDK04802,2018-04-02,10:52:23,Breakfast,BK,"[('Coffee', 2), ('Pancake', 4), ('Cereal', 9)]",301.0,-37.8188878,144.9538868,0.0,8.737,13.8853539
ORDY06391,2018-10-12,17:27:53,Dinner,TP,"[('Pasta', 4), ('Shrimp', 5), ('Fish&Chips', 2), ('Salmon', 1)]",491.0,-37.8108724,144.9708767,0.0,8.851,13.2636572
ORDC07763,2018-08-23,15:46:28,Lunch,NS,"[('Chicken', 7), ('Salad', 4), ('Fries', 8), ('Steak', 3), ('Burger', 10)]",833.8,-37.82313,144.9884985,0.0,9.441,14.7199452
ORDJ00903,2018-12-26,20:00:00,Dinner,TP,"[('Fish&Chips', 2), ('Shrimp', 9), ('Salmon', 10)]",966.0,-37.8156687,144.9582129,0.0,8.176,12.5389583
ORDA01125,2018-02-14,09:21:07,Breakfast,BK,"[('Coffee', 2), ('Pancake', 8)]",209.0,-37.8263806,144.9855945,0.0,7.369,12.4394266
ORDK09918,2018-12-22,19:49:51,Dinner,BK,"[('Pasta', 7), ('Shrimp', 9)]",678.5,-37.8088445,144.9578004,0.0,7.939,17.1082906
ORDZ06303,2018-01-28,08:50:42,Breakfast,NS,"[('Coffee', 9), ('Eggs', 2), ('Pancake', 6)]",257.0,-37.8105543,144.9382144,0.0,9.807,16.6209936
ORDB05721,2018-12-17,19:39:43,Dinner,TP,"[('Fish&Chips', 10), ('Salmon', 2)]",432.0,-37.8057831,144.9520778,0.0,9.557,13.2610619
ORDB07919,2018-07-03,14:05:04,Lunch,TP,"[('Burger', 4), ('Chicken', 3), ('Salad', 6), ('Fries', 5), ('Steak', 6)]",653.2,-37.8165078,144.9668724,0.0,7.84,11.9327272
ORDA03449,2018-02-26,09:51:32,Breakfast,BK,"[('Cereal', 8), ('Coffee', 5), ('Eggs', 1), ('Pancake', 1)]",251.75,-37.8094971,144.9722022,0.0,6.728,11.6153074
ORDY00187,2018-08-08,15:16:03,Lunch,TP,"[('Burger', 6), ('Chicken', 8)]",442.0,-37.8051738,144.9367965,0.0,10.706,13.460539
ORDA00100,2018-06-22,13:44:47,Lunch,BK,"[('Steak', 8), ('Salad', 4)]",428.8,-37.810354,145.0100563,0.0,3.752,9.3258471
ORDX09879,2018-04-02,11:02:32,Breakfast,BK,"[('Eggs', 10), ('Cereal', 9), ('Coffee', 6), ('Pancake', 4)]",551.0,-37.8146155,144.9894089,0.0,5.517,10.2684071
ORDA06807,2018-02-13,09:21:07,Breakfast,BK,"[('Coffee', 9), ('Pancake', 4)]",164.5,-37.803268,144.9651635,0.0,7.588,12.3242976
ORDY04300,2018-03-06,10:01:41,Breakfast,TP,"[('Cereal', 3), ('Coffee', 1), ('Pancake', 2), ('Eggs', 3)]",185.0,-37.8129912,144.952109,0.0,9.014,11.7048642
ORDY00140,2018-05-10,12:13:31,Lunch,TP,"[('Fries', 1), ('Salad', 7), ('Steak', 8), ('Burger', 5)]",647.4,-37.7997818,144.9924087,0.0,11.349,14.0786449
ORDI06714,2018-12-24,19:49:51,Dinner,NS,"[('Pasta', 2), ('Fish&Chips', 4)]",195.0,-37.8163362,144.9669196,0.0,8.186,13.922402
ORDC00758,2018-11-01,18:08:27,Dinner,NS,"[('Fish&Chips', 8), ('Pasta', 3), ('Salmon', 7), ('Shrimp', 3)]",811.5,-37.8253837,144.9815371,0.0,9.534,15.2020807
ORDZ02188,2018-09-03,16:06:45,Dinner,NS,"[('Salmon', 8), ('Shrimp', 6), ('Pasta', 3)]",734.5,-37.8140346,144.9470579,0.0,9.139,15.3056687
ORDY09539,2018-08-04,15:05:54,Lunch,TP,"[('Salad', 7), ('Steak', 8), ('Burger', 7)]",697.4,-37.8036557,144.9497903,0.0,9.945,14.8265033
ORDB04227,2018-12-20,19:39:43,Dinner,TP,"[('Shrimp', 4), ('Fish&Chips', 2), ('Salmon', 1)]",327.0,-37.8170458,144.9321406,0.0,10.777,14.5692531
ORDA04591,2018-09-10,16:16:54,Dinner,BK,"[('Fish&Chips', 7), ('Pasta', 7), ('Shrimp', 10), ('Salmon', 7)]",1264.5,-37.8073806,144.9981959,0.0,4.593,11.4231066
ORDZ10058,2018-06-28,13:54:55,Lunch,NS,"[('Burger', 5), ('Steak', 8)]",515.0,-37.8119474,144.9564969,0.0,8.124,13.690361192552418
ORDB10383,2018-08-26,15:46:28,Lunch,TP,"[('Steak', 4), ('Chicken', 5), ('Fries', 9), ('Salad', 2)]",482.4,-37.8124034,144.9382877,0.0,10.897,15.6870732
ORDC09393,2018-04-29,11:53:14,Breakfast,NS,"[('Pancake', 4), ('Coffee', 4), ('Eggs', 10), ('Cereal', 5)]",452.0,-37.804507,144.9693603,0.0,6.538,13.6921203
ORDI06420,2018-08-24,15:46:28,Lunch,NS,"[('Burger', 3), ('Chicken', 10)]",413.0,-37.819759,144.9522082,0.0,9.389,14.9211181
ORDZ02400,2018-07-04,14:05:04,Lunch,NS,"[('Steak', 2), ('Chicken', 9), ('Burger', 9), ('Fries', 5)]",717.0,-37.8048323,144.9327615,0.0,10.113,15.563381668083181
ORDX07808,2018-11-08,18:18:35,Dinner,BK,"[('Pasta', 2), ('Shrimp', 1)]",109.0,-37.8103283,144.9834863,0.0,5.707,13.0348348
ORDX09548,2018-10-20,17:38:01,Dinner,BK,"[('Shrimp', 3), ('Fish&Chips', 4)]",302.0,-37.8231031,144.9699767,0.0,7.991,16.952349
ORDC07198,2018-05-21,12:33:48,Lunch,NS,"[('Steak', 2), ('Fries', 7), ('Burger', 4), ('Salad', 6), ('Chicken', 2)]",465.2,-37.8055627,144.9576716,0.0,7.831,13.5617037
ORDI02979,2018-12-04,19:09:17,Dinner,NS,"[('Shrimp', 9), ('Salmon', 8), ('Pasta', 7)]",1006.5,-37.8222658,144.9715037,0.0,8.959,15.1854516
ORDJ00017,2018-12-05,19:09:17,Dinner,TP,"[('Fish&Chips', 2), ('Salmon', 3)]",193.0,-37.822363,144.9502368,0.0,8.638,12.8523502
ORDA02888,2018-05-19,12:33:48,Lunch,BK,"[('Burger', 9), ('Salad', 3), ('Steak', 1), ('Fries', 8)]",471.6,-37.8030248,144.9578002,0.0,8.058,16.4000089
ORDI02786,2018-10-30,17:58:18,Dinner,NS,"[('Shrimp', 10), ('Fish&Chips', 2), ('Pasta', 7), ('Salmon', 2)]",884.5,-37.8216454,144.9944913,0.0,9.91,15.8559614
ORDX03376,2018-01-28,08:50:42,Breakfast,BK,"[('Pancake', 3), ('Eggs', 5)]",182.75,-37.8103392,144.9375626,0.0,9.961,17.269094125201256
ORDK01425,2018-10-07,17:17:44,Dinner,BK,"[('Fish&Chips', 7), ('Pasta', 8)]",465.0,-37.8197891,144.9613321,0.0,8.049,17.2222726
ORDB02837,2018-06-04,13:04:13,Lunch,TP,"[('Salad', 5), ('Burger', 9), ('Chicken', 6)]",557.0,-37.8067976,144.9983802,0.0,11.259,15.1127193
ORDA03334,2018-11-28,18:59:09,Dinner,BK,"[('Shrimp', 1), ('Pasta', 8), ('Fish&Chips', 6)]",484.0,-37.8181262,144.9755805,0.0,7.049,14.2227916
ORDZ03847,2018-09-17,16:37:10,Dinner,NS,"[('Salmon', 3), ('Fish&Chips', 8)]",403.0,-37.8195384,145.0088796,0.0,10.918,16.83672044292382
ORDX05014,2018-04-02,11:02:32,Breakfast,BK,"[('Eggs', 6), ('Pancake', 8), ('Cereal', 7), ('Coffee', 6)]",518.0,-37.8116114,144.9839132,0.0,5.72,10.2526156
ORDC08569,2018-10-11,17:17:44,Dinner,NS,"[('Pasta', 5), ('Salmon', 2), ('Fish&Chips', 6)]",429.5,-37.8120908,144.9533372,0.0,8.447,13.7711702
ORDY07614,2018-01-25,08:40:33,Breakfast,TP,"[('Eggs', 7), ('Cereal', 3), ('Coffee', 4)]",247.0,-37.8071322,144.9598125,0.0,8.879,11.1668745
ORDX01729,2018-11-23,18:49:00,Dinner,BK,"[('Salmon', 8), ('Pasta', 8)]",548.0,-37.8055817,144.9450804,0.0,9.097,16.0364884
ORDK05302,2018-10-15,17:27:53,Dinner,BK,"[('Pasta', 3), ('Fish&Chips', 3), ('Shrimp', 4)]",403.5,-37.8213986,144.9548658,0.0,8.634,15.1623226
ORDJ02223,2018-09-28,16:57:27,Dinner,TP,"[('Pasta', 2), ('Fish&Chips', 1)]",90.0,-37.8004292,144.9509388,0.0,10.125,14.1184572
ORDA09269,2018-05-30,12:54:05,Lunch,BK,"[('Fries', 7), ('Steak', 2)]",174.0,-37.7987872,144.9592297,0.0,8.485,14.7598844
ORDZ00894,2018-06-09,13:14:21,Lunch,NS,"[('Chicken', 4), ('Steak', 6)]",398.0,-37.7998375,144.9889029,0.0,7.966,15.5985299
ORDI07937,2018-04-06,11:02:32,Breakfast,NS,"[('Cereal', 5), ('Eggs', 5), ('Coffee', 5), ('Pancake', 2)]",301.0,-37.8222664,144.933464,0.0,10.847,15.4451122
ORDZ10750,2018-10-14,17:27:53,Dinner,NS,"[('Shrimp', 9), ('Salmon', 9)]",855.0,-37.8113945,144.9958138,0.0,9.216,17.1629959
ORDX06849,2018-11-13,18:28:43,Dinner,BK,"[('Salmon', 4), ('Fish&Chips', 4), ('Shrimp', 10)]",844.0,-37.8209574,144.9428011,0.0,9.76,16.8842484
ORDX08686,2018-01-14,08:20:16,Breakfast,BK,"[('Eggs', 2), ('Cereal', 5), ('Pancake', 2)]",197.5,-37.8165715,144.9377202,1.0,10.013,8.7973329
ORDC07978,2018-06-24,13:44:47,Lunch,NS,"[('Salad', 4), ('Chicken', 10), ('Burger', 5)]",543.8,-37.8248451,144.9828261,0.0,9.452,16.9090622
ORDI10829,2018-10-22,17:48:10,Dinner,NS,"[('Fish&Chips', 5), ('Salmon', 8), ('Shrimp', 4), ('Pasta', 9)]",966.5,-37.8084972,144.945531,0.0,8.995,15.025524736592814
ORDA10378,2018-07-11,14:15:12,Lunch,BK,"[('Fries', 4), ('Burger', 4)]",172.0,-37.8188972,145.0023333,0.0,4.674,9.8413713
ORDZ08420,2018-03-14,10:21:58,Breakfast,NS,"[('Eggs', 6), ('Cereal', 10), ('Pancake', 2), ('Coffee', 8)]",450.5,-37.8067131,144.9688406,0.0,6.802,11.38829
ORDX07823,2018-04-05,11:02:32,Breakfast,BK,"[('Eggs', 10), ('Cereal', 6), ('Coffee', 2), ('Pancake', 2)]",409.5,-37.8002524,144.9434681,0.0,9.406,14.220453646294175
ORDJ03593,2018-10-25,17:48:10,Dinner,TP,"[('Fish&Chips', 6), ('Pasta', 9), ('Shrimp', 2)]",565.5,-37.8202827,144.9825612,0.0,9.123,13.3451088
ORDK04759,2018-07-17,14:25:21,Lunch,BK,"[('Chicken', 4), ('Fries', 7)]",212.0,-37.8198872,144.9437787,0.0,9.666,15.3045028
ORDZ04557,2018-06-21,13:34:38,Lunch,NS,"[('Burger', 6), ('Fries', 10), ('Salad', 5), ('Chicken', 9), ('Steak', 1)]",725.0,-37.799587,144.9634088,0.0,6.817,11.8964256
ORDX06753,2018-10-12,17:27:53,Dinner,BK,"[('Salmon', 4), ('Fish&Chips', 4), ('Shrimp', 4)]",520.0,-37.8088649,144.9451412,0.0,9.22,15.884992
ORDJ08986,2018-01-27,08:50:42,Breakfast,TP,"[('Eggs', 10), ('Coffee', 3)]",242.5,-37.7990064,144.9631639,0.0,9.924,13.7525741
ORDA06889,2018-09-03,16:06:45,Dinner,BK,"[('Fish&Chips', 8), ('Salmon', 7), ('Pasta', 8), ('Shrimp', 2)]",895.0,-37.8127385,144.9650912,0.0,7.601,14.5696894
ORDK01197,2018-10-16,17:27:53,Dinner,BK,"[('Salmon', 4), ('Shrimp', 5), ('Fish&Chips', 1), ('Pasta', 3)]",551.5,-37.8194276,144.9907283,0.0,5.769,12.1153062
ORDB06376,2018-06-11,13:14:21,Lunch,TP,"[('Burger', 2), ('Fries', 2)]",86.0,-37.8000203,144.9284282,0.0,11.599,14.4962956
ORDJ05077,2018-08-17,15:36:20,Lunch,TP,"[('Burger', 10), ('Steak', 1), ('Fries', 10), ('Salad', 1), ('Chicken', 5)]",652.2,-37.8146466,144.9578555,0.0,8.297,11.6826578
ORDK03049,2018-06-19,13:34:38,Lunch,BK,"[('Fries', 2), ('Salad', 9), ('Burger', 4)]",302.8,-37.8209209,145.0008655,0.0,5.089,10.6153236
ORDJ06043,2018-07-24,14:45:38,Lunch,TP,"[('Steak', 8), ('Fries', 8), ('Salad', 3), ('Burger', 4), ('Chicken', 2)]",695.6,-37.8142055,144.9731113,0.0,8.591,12.382042
ORDI06879,2018-10-17,17:38:01,Dinner,NS,"[('Salmon', 9), ('Shrimp', 9)]",855.0,-37.8143199,144.9762224,0.0,7.93,13.6457524
ORDC03995,2018-06-30,13:54:55,Lunch,NS,"[('Steak', 9), ('Salad', 3), ('Chicken', 9), ('Fries', 6)]",816.6,-37.8178625,144.9609103,0.0,8.758,16.5140889
ORDB07970,2018-02-01,09:00:50,Breakfast,TP,"[('Cereal', 4), ('Coffee', 3), ('Pancake', 1), ('Eggs', 2)]",174.75,-37.8235176,144.9896606,0.0,9.371,11.650478
ORDI07414,2018-09-16,16:37:10,Dinner,NS,"[('Shrimp', 10), ('Salmon', 7), ('Fish&Chips', 3)]",932.0,-37.8249721,144.949029,0.0,10.38,18.601833064449703
ORDJ06744,2018-12-30,20:00:00,Dinner,TP,"[('Salmon', 7), ('Fish&Chips', 8), ('Shrimp', 6)]",891.0,-37.8158381,144.9372559,0.0,10.441,15.9417841
ORDB03479,2018-09-25,16:47:19,Dinner,TP,"[('Fish&Chips', 5), ('Shrimp', 8), ('Pasta', 6), ('Salmon', 9)]",1141.0,-37.8050094,144.9420299,0.0,10.342,13.7863531
ORDC06528,2018-06-25,13:44:47,Lunch,NS,"[('Chicken', 7), ('Steak', 9), ('Fries', 2), ('Burger', 5)]",808.0,-37.8248028,144.9828208,0.0,9.447,14.952059145344254
ORDA04310,2018-07-04,14:05:04,Lunch,BK,"[('Chicken', 9), ('Salad', 6)]",391.2,-37.8217938,145.0095174,0.0,4.556,9.9470915
ORDZ05144,2018-04-15,11:22:49,Breakfast,NS,"[('Eggs', 5), ('Cereal', 3), ('Coffee', 6)]",218.0,-37.8131361,145.0114468,0.0,10.769,17.4416668
ORDZ09581,2018-06-13,13:24:30,Lunch,NS,"[('Fries', 3), ('Salad', 3), ('Chicken', 6), ('Burger', 8)]",527.6,-37.8243488,144.9554988,0.0,10.295,15.5607377
ORDA04432,2018-09-07,16:16:54,Dinner,BK,"[('Pasta', 8), ('Fish&Chips', 2), ('Shrimp', 1)]",344.0,-37.820534,144.9772392,0.0,7.17,14.0344185
ORDC07578,2018-10-27,17:58:18,Dinner,NS,"[('Fish&Chips', 4), ('Pasta', 5), ('Shrimp', 5), ('Salmon', 1)]",588.5,-37.8190725,144.964908,0.0,8.693,16.8825842
ORDC10889,2018-02-01,09:00:50,Breakfast,NS,"[('Pancake', 9), ('Eggs', 7)]",372.25,-37.8029944,144.9289064,0.0,10.072,15.0476809
ORDX03246,2018-08-20,15:36:20,Lunch,BK,"[('Salad', 10), ('Fries', 1), ('Steak', 1)]",229.0,-37.8130163,144.9739665,0.0,6.816,12.625405
ORDX07564,2018-03-05,10:01:41,Breakfast,BK,"[('Pancake', 6), ('Coffee', 7), ('Cereal', 6)]",324.0,-37.8049627,144.9735331,0.0,6.827,11.1714235
ORDY08280,2018-02-15,09:31:16,Breakfast,TP,"[('Eggs', 9), ('Coffee', 2), ('Pancake', 1), ('Cereal', 1)]",258.25,-37.8075807,144.9577981,0.0,9.107,11.3670433
ORDI05539,2018-12-12,19:29:34,Dinner,NS,"[('Pasta', 5), ('Shrimp', 4)]",353.5,-37.820997,144.9551426,0.0,9.407,15.4439428
ORDX09316,2018-01-11,08:20:16,Breakfast,BK,"[('Eggs', 2), ('Pancake', 6)]",189.5,-37.8072596,144.9573961,1.0,8.19,6.3465847
ORDJ08168,2018-12-10,19:19:26,Dinner,TP,"[('Pasta', 4), ('Salmon', 2), ('Fish&Chips', 4), ('Shrimp', 3)]",494.0,-37.8095573,144.972643,0.0,9.112,13.5797662
ORDA07870,2018-09-07,16:16:54,Dinner,BK,"[('Shrimp', 3), ('Fish&Chips', 2), ('Pasta', 8)]",452.0,-37.821678,144.9779324,0.0,7.146,14.080234630222032
ORDB02597,2018-08-18,15:36:20,Lunch,TP,"[('Fries', 9), ('Salad', 6), ('Chicken', 2)]",275.2,-37.8104071,145.0028062,0.0,11.323,16.2773691
ORDY05426,2018-03-31,10:52:23,Breakfast,TP,"[('Eggs', 8), ('Coffee', 2), ('Pancake', 2)]",239.5,-37.8127562,144.9891122,0.0,9.879,13.8745582
ORDI02419,2018-05-03,12:03:22,Lunch,NS,"[('Steak', 2), ('Chicken', 2), ('Burger', 6), ('Fries', 9), ('Salad', 9)]",602.8,-37.8105079,144.9637216,0.0,7.784,12.8293782
ORDA02143,2018-09-27,16:57:27,Dinner,BK,"[('Fish&Chips', 2), ('Salmon', 5), ('Pasta', 1), ('Shrimp', 1)]",356.5,-37.8016383,144.9690525,0.0,7.608,14.3059819
ORDZ01829,2018-11-27,18:59:09,Dinner,NS,"[('Fish&Chips', 3), ('Pasta', 3), ('Shrimp', 1)]",241.5,-37.8194047,144.9570285,0.0,9.087,15.4372971
ORDX01540,2018-05-24,12:43:56,Lunch,BK,"[('Steak', 2), ('Chicken', 8), ('Burger', 2)]",408.0,-37.8221479,144.979055,0.0,6.998,12.943961502592023
ORDZ04323,2018-09-14,16:27:02,Dinner,NS,"[('Fish&Chips', 5), ('Shrimp', 2)]",283.0,-37.8172556,144.9645399,0.0,8.399,14.7717401
ORDX06347,2018-07-11,14:15:12,Lunch,BK,"[('Chicken', 8), ('Fries', 1), ('Burger', 4)]",392.0,-37.8167483,145.0074769,0.0,4.003,9.3535831
ORDA04025,2018-06-08,13:14:21,Lunch,BK,"[('Steak', 3), ('Fries', 8), ('Burger', 10), ('Chicken', 10), ('Salad', 8)]",998.6,-37.8164627,144.9651728,0.0,7.676,13.9171947
ORDC01959,2018-10-01,16:57:27,Dinner,NS,"[('Salmon', 8), ('Pasta', 10), ('Fish&Chips', 1)]",638.0,-37.8126215,144.9738143,0.0,7.603,13.9055279
ORDA08697,2018-02-08,09:10:59,Breakfast,BK,"[('Cereal', 1), ('Coffee', 3)]",43.5,-37.7995589,144.9265292,0.0,10.993,15.9027783
ORDK08719,2018-12-03,19:09:17,Dinner,BK,"[('Shrimp', 10), ('Salmon', 1), ('Pasta', 6), ('Fish&Chips', 9)]",1061.0,-37.8175175,144.9591768,0.0,8.225,15.2750253
ORDY03291,2018-10-22,17:48:10,Dinner,TP,"[('Shrimp', 2), ('Fish&Chips', 4)]",248.0,-37.8207529,144.9669809,0.0,7.563,11.9897712
ORDI00240,2018-12-25,19:49:51,Dinner,NS,"[('Salmon', 8), ('Pasta', 6)]",493.0,-37.8056468,144.9682151,0.0,6.744,12.4643417
ORDX01197,2018-04-19,11:32:57,Breakfast,BK,"[('Coffee', 4), ('Pancake', 5)]",151.25,-37.8043054,144.9420045,0.0,9.32,14.7933966
ORDY09847,2018-02-26,09:51:32,Breakfast,TP,"[('Cereal', 4), ('Pancake', 5), ('Coffee', 4)]",235.25,-37.8231165,144.9708702,0.0,8.022,10.7422555
ORDI09404,2018-09-18,16:37:10,Dinner,NS,"[('Shrimp', 2), ('Pasta', 1)]",135.5,-37.8110328,144.99006,0.0,8.7,14.7138508
ORDY04017,2018-07-12,14:15:12,Lunch,TP,"[('Salad', 10), ('Fries', 1), ('Steak', 1), ('Chicken', 3)]",325.0,-37.8092783,144.9687188,0.0,8.956,12.336140394193025
ORDJ10237,2018-02-07,09:10:59,Breakfast,TP,"[('Cereal', 3), ('Pancake', 7), ('Coffee', 9), ('Eggs', 5)]",410.25,-37.8051063,144.9282488,0.0,11.344,13.468664687355469
ORDB03139,2018-03-10,10:11:49,Breakfast,TP,"[('Pancake', 5), ('Eggs', 6), ('Coffee', 6), ('Cereal', 2)]",340.25,-37.8233255,144.9762652,0.0,8.155,12.1976092
ORDA08016,2018-03-31,10:52:23,Breakfast,BK,"[('Pancake', 7), ('Coffee', 1), ('Cereal', 4)]",261.25,-37.8121452,144.9628902,0.0,7.609,15.5984124
ORDK08493,2018-06-10,13:14:21,Lunch,BK,"[('Steak', 1), ('Fries', 8), ('Burger', 9), ('Chicken', 4)]",548.0,-37.8149256,144.9451166,0.0,9.148,17.589159338052337
ORDI08319,2018-07-29,14:55:46,Lunch,NS,"[('Fries', 2), ('Salad', 9), ('Chicken', 5)]",338.8,-37.8121506,144.9738918,0.0,7.615,14.8256011
ORDX06279,2018-03-21,10:32:06,Breakfast,BK,"[('Pancake', 3), ('Eggs', 10), ('Coffee', 4), ('Cereal', 1)]",343.75,-37.8158834,144.9612715,0.0,7.981,12.681522
ORDK04480,2018-12-20,19:39:43,Dinner,BK,"[('Shrimp', 10), ('Fish&Chips', 8)]",820.0,-37.8211236,144.9549655,0.0,8.598,15.5779831
ORDX07788,2018-02-26,09:51:32,Breakfast,BK,"[('Pancake', 6), ('Cereal', 4), ('Eggs', 4)]",317.5,-37.8107591,144.9773584,0.0,6.369,11.3231432
ORDI10048,2018-04-08,11:12:40,Breakfast,NS,"[('Coffee', 7), ('Cereal', 7)]",199.5,-37.8004023,144.9518424,0.0,7.881,15.3778211
ORDX00228,2018-02-19,09:31:16,Breakfast,BK,"[('Eggs', 9), ('Coffee', 10), ('Cereal', 2), ('Pancake', 7)]",484.75,-37.8086441,144.9628946,0.0,7.544,12.4722155
ORDA10606,2018-11-02,18:08:27,Dinner,BK,"[('Shrimp', 4), ('Salmon', 6)]",462.0,-37.8069073,144.9492445,0.0,8.841,16.2361314
ORDZ04402,2018-09-29,16:57:27,Dinner,NS,"[('Fish&Chips', 9), ('Salmon', 9)]",684.0,-37.8006835,144.9431734,0.0,8.682,16.617793
ORDB07409,2018-06-12,13:24:30,Lunch,TP,"[('Steak', 10), ('Salad', 3)]",501.6,-37.8054046,144.9435795,0.0,10.203,13.4744081
ORDA05534,2018-03-08,10:11:49,Breakfast,BK,"[('Eggs', 5), ('Coffee', 7), ('Pancake', 4), ('Cereal', 7)]",406.5,-37.8187585,144.983617,0.0,6.396,11.414987080376035
ORDK08292,2018-11-28,18:59:09,Dinner,BK,"[('Fish&Chips', 6), ('Pasta', 6), ('Shrimp', 4), ('Salmon', 3)]",714.0,-37.8210617,144.9662728,0.0,7.994,15.0379612
ORDC02704,2018-04-22,11:32:57,Breakfast,NS,"[('Cereal', 8), ('Pancake', 9)]",386.25,-37.8190663,144.9517842,0.0,9.379,17.137374
ORDA09163,2018-06-13,13:24:30,Lunch,BK,"[('Fries', 4), ('Burger', 7)]",265.0,-37.8116575,144.9482588,0.0,8.89,14.9094811
ORDA03476,2018-10-11,17:17:44,Dinner,BK,"[('Salmon', 10), ('Pasta', 3)]",492.5,-37.8120953,144.9534154,0.0,8.426,15.3816782
ORDC03723,2018-12-05,19:09:17,Dinner,NS,"[('Salmon', 3), ('Fish&Chips', 6)]",333.0,-37.8187764,144.9553333,0.0,9.08,15.1997969
ORDB10062,2018-10-01,17:07:36,Dinner,TP,"[('Salmon', 3), ('Fish&Chips', 4)]",263.0,-37.826362,144.9855522,0.0,9.056,13.1408801
ORDC08126,2018-10-10,17:17:44,Dinner,NS,"[('Shrimp', 4), ('Pasta', 5)]",353.5,-37.8125484,144.9531176,0.0,8.525,14.56264976873902
ORDB10046,2018-11-30,18:59:09,Dinner,TP,"[('Pasta', 10), ('Salmon', 2), ('Fish&Chips', 5)]",532.0,-37.8088459,144.9838325,0.0,9.683,13.2542093
ORDI10776,2018-02-15,09:21:07,Breakfast,NS,"[('Pancake', 2), ('Eggs', 1)]",70.5,-37.8109101,145.0041604,0.0,9.803,15.1128391
ORDY00682,2018-03-16,10:21:58,Breakfast,TP,"[('Cereal', 3), ('Eggs', 8), ('Pancake', 4), ('Coffee', 7)]",388.5,-37.8075842,144.9708509,0.0,9.28,12.0724589
ORDK07542,2018-02-21,09:41:24,Breakfast,BK,"[('Coffee', 8), ('Eggs', 4), ('Cereal', 8), ('Pancake', 6)]",461.5,-37.8031686,144.9959577,0.0,5.211,9.6814619
ORDX04476,2018-07-28,14:55:46,Lunch,BK,"[('Salad', 3), ('Chicken', 9), ('Fries', 10), ('Burger', 3), ('Steak', 5)]",777.6,-37.802079,144.9594714,0.0,8.093,16.5401703
ORDX03346,2018-12-08,19:19:26,Dinner,BK,"[('Salmon', 1), ('Pasta', 10), ('Shrimp', 3), ('Fish&Chips', 2)]",548.0,-37.8123341,144.9468664,0.0,9.844,19.236853
ORDA11107,2018-02-23,09:41:24,Breakfast,BK,"[('Pancake', 1), ('Coffee', 8), ('Cereal', 5)]",189.25,-37.8236313,144.9673422,0.0,8.162,13.0346521
ORDX01859,2018-09-04,16:06:45,Dinner,BK,"[('Pasta', 7), ('Salmon', 2), ('Fish&Chips', 3)]",379.5,-37.8027797,144.9560465,0.0,8.326,15.5207226
ORDA08494,2018-08-24,15:46:28,Lunch,BK,"[('Salad', 4), ('Steak', 5), ('Chicken', 1), ('Fries', 10)]",445.8,-37.8176179,144.9690451,0.0,7.741,13.3264508
ORDK02374,2018-10-10,17:17:44,Dinner,BK,"[('Fish&Chips', 6), ('Pasta', 3)]",292.5,-37.8124096,144.9536109,0.0,8.52,15.7531569
ORDA01931,2018-09-06,16:06:45,Dinner,BK,"[('Salmon', 10), ('Pasta', 8)]",630.0,-37.808497,144.9767555,0.0,6.211,13.3056225
ORDJ03820,2018-02-27,09:51:32,Breakfast,TP,"[('Pancake', 4), ('Eggs', 8), ('Cereal', 5), ('Coffee', 10)]",453.0,-37.8098124,144.976242,0.0,9.231,11.843178
ORDX03141,2018-09-22,16:47:19,Dinner,BK,"[('Fish&Chips', 10), ('Salmon', 2), ('Pasta', 10), ('Shrimp', 10)]",1247.0,-37.8050368,144.9927309,0.0,5.231,14.1430453
ORDZ01772,2018-04-17,11:32:57,Breakfast,NS,"[('Coffee', 3), ('Eggs', 7), ('Pancake', 8)]",370.5,-37.8214542,144.9473652,0.0,9.879,14.9135093
ORDC10047,2018-01-05,08:00:00,Breakfast,NS,"[('Coffee', 6), ('Cereal', 5), ('Pancake', 3)]",222.75,-37.8124175,144.9369108,1.0,10.138,7.7603525
ORDJ10459,2018-08-03,15:05:54,Lunch,TP,"[('Chicken', 1), ('Burger', 7), ('Steak', 6), ('Salad', 9), ('Fries', 6)]",745.8,-37.8121538,144.9739321,0.0,8.785,12.4338782
ORDX10699,2018-04-03,11:02:32,Breakfast,BK,"[('Cereal', 5), ('Coffee', 1)]",112.5,-37.8127105,144.9902935,0.0,5.231,9.9445051
ORDY02742,2018-02-26,09:51:32,Breakfast,TP,"[('Coffee', 2), ('Pancake', 9)]",233.25,-37.8054565,145.0003472,0.0,11.51,13.9784755
ORDI10677,2018-03-20,10:32:06,Breakfast,NS,"[('Eggs', 1), ('Pancake', 9)]",240.25,-37.8097055,144.9596272,0.0,7.86,12.335282
ORDJ08409,2018-05-28,12:54:05,Lunch,TP,"[('Chicken', 1), ('Steak', 3), ('Burger', 2), ('Fries', 9)]",337.0,-37.8222191,144.9832175,0.0,8.837,12.7995343
ORDB02845,2018-02-23,09:41:24,Breakfast,TP,"[('Eggs', 7), ('Cereal', 4), ('Pancake', 2), ('Coffee', 10)]",361.5,-37.8067703,144.9323875,0.0,11.0,13.1854826
ORDY01350,2018-06-15,13:24:30,Lunch,TP,"[('Salad', 2), ('Chicken', 10)]",354.4,-37.815448,144.9665703,0.0,7.976,11.528662
ORDI02566,2018-02-22,09:41:24,Breakfast,NS,"[('Cereal', 9), ('Pancake', 10), ('Coffee', 4)]",461.5,-37.8260999,144.9847408,0.0,9.606,14.599990432623382
ORDK06760,2018-10-02,17:07:36,Dinner,BK,"[('Fish&Chips', 9), ('Salmon', 6), ('Shrimp', 3), ('Pasta', 5)]",860.5,-37.8121645,144.9853106,0.0,5.64,12.0291635
ORDK09526,2018-07-09,14:15:12,Lunch,BK,"[('Fries', 4), ('Chicken', 7)]",272.0,-37.825172,144.9826071,0.0,6.988,13.148533
ORDA05509,2018-12-18,19:39:43,Dinner,BK,"[('Fish&Chips', 8), ('Salmon', 10), ('Shrimp', 9), ('Pasta', 4)]",1286.0,-37.8087418,144.9470873,0.0,9.064,16.1728124
ORDX09783,2018-07-23,14:45:38,Lunch,BK,"[('Fries', 3), ('Chicken', 5), ('Burger', 4), ('Steak', 8)]",680.0,-37.8262362,145.008968,0.0,5.09,10.8695755
ORDY01411,2018-05-15,12:23:39,Lunch,TP,"[('Chicken', 9), ('Steak', 4), ('Burger', 6)]",654.0,-37.8240069,144.9534791,0.0,8.2,12.0746412
ORDK10759,2018-01-30,08:50:42,Breakfast,BK,"[('Eggs', 6), ('Pancake', 2)]",180.5,-37.7988111,144.9891795,0.0,6.225,11.0854475
ORDJ03277,2018-08-15,15:26:11,Lunch,TP,"[('Salad', 9), ('Fries', 2), ('Steak', 2), ('Chicken', 7)]",492.8,-37.8082849,144.976546,0.0,9.269,12.57679333625165
ORDK04299,2018-09-10,16:16:54,Dinner,BK,"[('Shrimp', 4), ('Fish&Chips', 6)]",426.0,-37.8051976,144.9944969,0.0,5.073,11.8764727
ORDI04366,2018-12-09,19:19:26,Dinner,NS,"[('Shrimp', 4), ('Salmon', 5), ('Pasta', 7), ('Fish&Chips', 4)]",753.5,-37.8207925,144.9486185,0.0,9.721,17.6093447
ORDK01257,2018-12-28,20:00:00,Dinner,BK,"[('Salmon', 3), ('Shrimp', 7), ('Fish&Chips', 9), ('Pasta', 7)]",1008.5,-37.8169625,144.9640138,0.0,7.778,14.5155759
ORDC07443,2018-08-30,15:56:37,Lunch,NS,"[('Chicken', 6), ('Burger', 2), ('Fries', 9)]",362.0,-37.8265116,144.9556104,0.0,9.87,15.5982005
ORDZ06532,2018-10-17,17:38:01,Dinner,NS,"[('Shrimp', 4), ('Pasta', 9), ('Salmon', 2)]",545.5,-37.8012437,144.9525282,0.0,7.803,13.7349438
ORDZ04001,2018-07-27,14:45:38,Lunch,NS,"[('Salad', 2), ('Steak', 1)]",79.4,-37.8260818,144.9806708,0.0,9.272,14.4971521
ORDJ06209,2018-02-26,09:51:32,Breakfast,TP,"[('Pancake', 1), ('Coffee', 4), ('Cereal', 4)]",138.25,-37.8054523,145.0005859,0.0,11.532,13.4230436
ORDB01385,2018-03-08,10:11:49,Breakfast,TP,"[('Cereal', 5), ('Coffee', 3)]",127.5,-37.8188973,144.984541,0.0,9.177,11.9259146
ORDI05658,2018-02-27,09:51:32,Breakfast,NS,"[('Coffee', 10), ('Eggs', 5), ('Cereal', 8), ('Pancake', 3)]",425.75,-37.8062956,144.9318859,0.0,10.233,15.6073824
ORDZ00332,2018-11-05,18:08:27,Dinner,NS,"[('Pasta', 8), ('Shrimp', 8), ('Salmon', 4), ('Fish&Chips', 3)]",921.0,-37.8224894,144.9478127,0.0,9.979,16.0751127
ORDC08685,2018-10-13,17:27:53,Dinner,NS,"[('Shrimp', 9), ('Fish&Chips', 2), ('Pasta', 7)]",748.5,-37.8208442,144.9562398,0.0,9.332,17.0208025
ORDI09327,2018-04-04,11:02:32,Breakfast,NS,"[('Eggs', 6), ('Cereal', 7), ('Pancake', 7)]",448.75,-37.7984351,144.986345,0.0,7.811,12.7753106
ORDX04562,2018-03-29,10:52:23,Breakfast,BK,"[('Cereal', 6), ('Eggs', 9), ('Coffee', 10)]",399.0,-37.8115568,144.9935852,0.0,4.836,9.8590015
ORDC08169,2018-02-26,09:51:32,Breakfast,NS,"[('Pancake', 10), ('Cereal', 4), ('Eggs', 5)]",436.5,-37.8094152,144.9637725,0.0,7.409,12.54509400467436
ORDB09471,2018-01-15,08:20:16,Breakfast,TP,"[('Cereal', 6), ('Pancake', 9)]",344.25,-37.81575,144.9215559,1.0,12.173,7.0132519
ORDK04596,2018-12-22,19:49:51,Dinner,BK,"[('Fish&Chips', 9), ('Salmon', 8), ('Shrimp', 4), ('Pasta', 7)]",1051.5,-37.8180118,144.9480948,0.0,9.182,18.7717415
ORDI06312,2018-04-28,11:53:14,Breakfast,NS,"[('Pancake', 6), ('Eggs', 5), ('Cereal', 10)]",465.5,-37.8043805,144.9523199,0.0,8.118,15.2111218
ORDJ09424,2018-08-27,15:56:37,Lunch,TP,"[('Chicken', 10), ('Salad', 4)]",388.8,-37.8151617,144.9714535,0.0,8.277,11.828647582382443
ORDI05967,2018-09-13,16:27:02,Dinner,NS,"[('Pasta', 9), ('Shrimp', 2), ('Fish&Chips', 2), ('Salmon', 4)]",589.5,-37.8151511,144.9448556,0.0,9.202,14.8493799
ORDJ09638,2018-08-27,15:46:28,Lunch,TP,"[('Burger', 6), ('Chicken', 9)]",474.0,-37.8209872,144.9558871,0.0,8.099,11.2132908
ORDA03665,2018-11-22,18:49:00,Dinner,BK,"[('Fish&Chips', 7), ('Shrimp', 3), ('Pasta', 7)]",599.5,-37.8111175,144.9731851,0.0,6.764,13.7747676
ORDY03611,2018-11-06,18:18:35,Dinner,TP,"[('Fish&Chips', 7), ('Salmon', 10)]",655.0,-37.8069813,144.9599282,0.0,8.882,13.061569
ORDX02843,2018-05-04,12:03:22,Lunch,BK,"[('Chicken', 3), ('Burger', 3), ('Salad', 8), ('Fries', 9)]",434.6,-37.7999204,144.934833,0.0,12.252,18.4159359
ORDX02877,2018-06-19,13:34:38,Lunch,BK,"[('Chicken', 9), ('Salad', 4), ('Fries', 6), ('Steak', 2), ('Burger', 9)]",797.8,-37.8239376,145.0014275,0.0,5.235,10.4796189
ORDY03541,2018-09-11,16:27:02,Dinner,TP,"[('Salmon', 7), ('Fish&Chips', 1), ('Shrimp', 9)]",808.0,-37.8085022,144.9680061,0.0,8.997,13.0502693
ORDC03091,2018-07-24,14:45:38,Lunch,NS,"[('Chicken', 1), ('Burger', 9), ('Salad', 7)]",431.4,-37.8001618,144.9845044,0.0,7.562,12.3884712
ORDX10960,2018-11-17,18:38:52,Dinner,BK,"[('Pasta', 10), ('Fish&Chips', 9), ('Salmon', 7)]",877.0,-37.8149888,144.9530379,0.0,8.543,18.8496164
ORDA03670,2018-01-01,08:00:00,Breakfast,BK,"[('Coffee', 8), ('Pancake', 5), ('Cereal', 5)]",286.25,-37.8092779,144.9738332,1.0,6.558,5.6846746
ORDI06440,2018-03-28,10:52:23,Breakfast,NS,"[('Eggs', 3), ('Coffee', 5)]",103.5,-37.7989324,144.9541514,0.0,7.608,12.5696865
ORDZ00037,2018-03-11,10:11:49,Breakfast,NS,"[('Eggs', 6), ('Cereal', 10)]",342.0,-37.810542,144.9808894,0.0,7.964,15.2196944
ORDY03380,2018-04-26,11:43:05,Breakfast,TP,"[('Cereal', 2), ('Eggs', 10), ('Coffee', 6)]",307.0,-37.8191032,144.9652444,0.0,7.39,10.1123721
ORDJ01420,2018-08-15,15:26:11,Lunch,TP,"[('Steak', 9), ('Fries', 5), ('Burger', 10), ('Salad', 6)]",878.2,-37.806367,144.9416549,0.0,10.291,13.6729185
ORDI03039,2018-09-16,16:27:02,Dinner,NS,"[('Salmon', 8), ('Fish&Chips', 8), ('Shrimp', 8), ('Pasta', 3)]",1122.5,-37.8039683,144.9643024,0.0,6.942,14.534469
ORDZ02099,2018-10-16,17:27:53,Dinner,NS,"[('Pasta', 7), ('Shrimp', 6)]",516.5,-37.8217803,144.9906286,0.0,9.578,16.0984183
ORDY01908,2018-05-29,12:54:05,Lunch,TP,"[('Fries', 10), ('Chicken', 8)]",376.0,-37.7991095,144.9606913,0.0,9.85,13.2123203
ORDX09147,2018-04-25,11:43:05,Breakfast,BK,"[('Cereal', 3), ('Pancake', 8)]",257.0,-37.8183154,144.9968188,0.0,5.076,10.1836972
ORDX04540,2018-03-01,09:51:32,Breakfast,BK,"[('Coffee', 1), ('Eggs', 5), ('Pancake', 2)]",166.0,-37.8159318,145.0135796,0.0,3.933,8.4623911
ORDZ05943,2018-04-08,11:12:40,Breakfast,NS,"[('Coffee', 7), ('Eggs', 4)]",140.5,-37.8080672,144.9692183,0.0,6.981,14.0734928
ORDJ01515,2018-05-24,12:43:56,Lunch,TP,"[('Salad', 10), ('Burger', 4), ('Fries', 4), ('Chicken', 4), ('Steak', 3)]",607.0,-37.8190259,144.9768834,0.0,8.593,12.7129789
ORDK01921,2018-06-11,13:14:21,Lunch,BK,"[('Steak', 7), ('Chicken', 7), ('Salad', 10), ('Fries', 10), ('Burger', 9)]",1110.0,-37.8241267,144.9473767,0.0,9.513,15.350594563429032
ORDA02661,2018-04-21,11:32:57,Breakfast,BK,"[('Cereal', 6), ('Coffee', 7), ('Eggs', 3), ('Pancake', 3)]",317.25,-37.8187823,144.9535721,0.0,8.771,16.2030087
ORDY05720,2018-10-10,17:17:44,Dinner,TP,"[('Pasta', 6), ('Salmon', 7), ('Shrimp', 1)]",506.0,-37.8122377,144.9535131,0.0,9.029,13.0503774
ORDZ03464,2018-02-21,09:41:24,Breakfast,NS,"[('Eggs', 2), ('Pancake', 9), ('Coffee', 3), ('Cereal', 1)]",305.75,-37.8136282,145.0047619,0.0,10.148,15.4715931
ORDB04822,2018-07-05,14:05:04,Lunch,TP,"[('Burger', 10), ('Salad', 3)]",361.6,-37.8007919,144.9701024,0.0,9.926,12.9532265
ORDB00131,2018-06-18,13:34:38,Lunch,TP,"[('Burger', 8), ('Steak', 2), ('Fries', 2), ('Chicken', 7), ('Salad', 1)]",603.2,-37.8184825,144.9747793,0.0,8.287,11.4304343
ORDC06841,2018-11-02,18:08:27,Dinner,NS,"[('Fish&Chips', 8), ('Shrimp', 4), ('Pasta', 7)]",688.5,-37.7967561,144.932701,0.0,9.785,15.6065047
ORDB01949,2018-11-21,18:49:00,Dinner,TP,"[('Salmon', 7), ('Shrimp', 2)]",395.0,-37.8030387,144.9297269,0.0,11.378,15.180476266766199
ORDI05235,2018-11-30,18:59:09,Dinner,NS,"[('Salmon', 9), ('Fish&Chips', 9), ('Shrimp', 10), ('Pasta', 9)]",1471.5,-37.802133,145.0041449,0.0,9.368,15.4473248
ORDB06111,2018-04-03,11:02:32,Breakfast,TP,"[('Pancake', 1), ('Coffee', 10), ('Eggs', 7), ('Cereal', 9)]",442.25,-37.8132194,144.9904666,0.0,10.044,12.9459773
ORDY09994,2018-08-18,15:36:20,Lunch,TP,"[('Burger', 6), ('Steak', 7), ('Chicken', 3)]",597.0,-37.8072293,144.9534308,0.0,9.285,13.9516134
ORDC06622,2018-12-06,19:19:26,Dinner,NS,"[('Salmon', 3), ('Shrimp', 1), ('Fish&Chips', 2), ('Pasta', 7)]",439.5,-37.8103794,145.0144404,0.0,10.757,16.966036
ORDC06848,2018-07-25,14:45:38,Lunch,NS,"[('Chicken', 9), ('Salad', 5), ('Steak', 6)]",644.0,-37.7997929,144.9636693,0.0,6.781,12.2362715
ORDB08609,2018-09-20,16:37:10,Dinner,TP,"[('Pasta', 9), ('Shrimp', 4)]",463.5,-37.8249379,144.928529,0.0,16.625,19.8607616
ORDB02892,2018-01-12,08:20:16,Breakfast,TP,"[('Coffee', 1), ('Eggs', 10), ('Cereal', 7)]",374.5,-37.8073878,144.9582423,1.0,9.059,5.6112666
ORDA01631,2018-05-24,12:43:56,Lunch,BK,"[('Chicken', 9), ('Salad', 9), ('Burger', 1), ('Steak', 4), ('Fries', 1)]",665.8,-37.8249449,144.9487577,0.0,9.389,15.2960343
ORDK07891,2018-10-02,17:07:36,Dinner,BK,"[('Shrimp', 3), ('Salmon', 1)]",203.0,-37.8022875,144.9630265,0.0,7.846,14.6290518
ORDJ06588,2018-12-19,19:39:43,Dinner,TP,"[('Pasta', 6), ('Fish&Chips', 8)]",445.0,-37.8211946,144.9549192,0.0,8.194,12.489032902724158
ORDA03250,2018-04-23,11:43:05,Breakfast,BK,"[('Pancake', 1), ('Cereal', 6), ('Coffee', 4)]",180.25,-37.8180376,144.9694175,0.0,7.615,12.5649848
ORDA07681,2018-05-27,12:43:56,Lunch,BK,"[('Fries', 8), ('Chicken', 7), ('Steak', 6), ('Burger', 6), ('Salad', 6)]",879.2,-37.8145859,144.9934439,0.0,5.141,12.6321242
ORDX04905,2018-03-26,10:42:15,Breakfast,BK,"[('Cereal', 6), ('Pancake', 7), ('Eggs', 6), ('Coffee', 4)]",457.75,-37.8055908,144.9489402,0.0,8.73,13.9578992
ORDJ08887,2018-08-28,15:56:37,Lunch,TP,"[('Burger', 10), ('Steak', 8), ('Salad', 10), ('Chicken', 6)]",1034.0,-37.8141496,144.9632052,0.0,8.023,11.449428
ORDZ03205,2018-12-11,19:29:34,Dinner,NS,"[('Salmon', 8), ('Shrimp', 3), ('Fish&Chips', 3)]",595.0,-37.8252361,144.9466017,0.0,10.297,16.1193334
ORDJ08323,2018-10-04,17:07:36,Dinner,TP,"[('Salmon', 8), ('Fish&Chips', 3), ('Shrimp', 1)]",487.0,-37.8136133,144.9862738,0.0,9.614,14.2223162
ORDY07346,2018-07-26,14:45:38,Lunch,TP,"[('Fries', 10), ('Steak', 6)]",390.0,-37.8042156,144.9680687,0.0,9.499,12.756394540138006
ORDZ00040,2018-04-18,11:32:57,Breakfast,NS,"[('Coffee', 6), ('Eggs', 2), ('Pancake', 1)]",113.25,-37.8161425,144.9724102,0.0,7.913,13.2080883
ORDB05297,2018-05-19,12:33:48,Lunch,TP,"[('Burger', 3), ('Chicken', 8), ('Fries', 4), ('Salad', 2)]",431.4,-37.7993418,144.9543752,0.0,9.903,15.0465853
ORDC02527,2018-01-25,08:40:33,Breakfast,NS,"[('Coffee', 10), ('Cereal', 3), ('Pancake', 9)]",356.25,-37.8246794,144.9923015,0.0,9.848,14.7152973
ORDK08128,2018-09-14,16:27:02,Dinner,BK,"[('Fish&Chips', 9), ('Shrimp', 6)]",639.0,-37.8113599,144.9272092,0.0,11.033,17.8023261
ORDY05615,2018-08-02,15:05:54,Lunch,TP,"[('Fries', 8), ('Steak', 2), ('Salad', 10), ('Chicken', 9)]",646.0,-37.7996836,144.9550948,0.0,9.827,12.5832911
ORDY08822,2018-06-29,13:54:55,Lunch,TP,"[('Chicken', 9), ('Salad', 4), ('Burger', 4)]",480.8,-37.8279536,144.9864932,0.0,9.681,12.586178
ORDX08620,2018-08-06,15:05:54,Lunch,BK,"[('Fries', 9), ('Steak', 9), ('Chicken', 1)]",545.0,-37.8070101,144.9657635,0.0,7.18,13.4360211
ORDC02210,2018-12-12,19:29:34,Dinner,NS,"[('Salmon', 7), ('Shrimp', 2), ('Fish&Chips', 3), ('Pasta', 10)]",775.0,-37.8215784,144.9554098,0.0,9.467,15.481869267062464
ORDC04545,2018-08-24,15:46:28,Lunch,NS,"[('Salad', 2), ('Fries', 4), ('Steak', 3)]",217.4,-37.8205124,144.9526916,0.0,9.488,15.1190393
ORDC05357,2018-08-07,15:16:03,Lunch,NS,"[('Steak', 9), ('Chicken', 7), ('Salad', 5), ('Fries', 10)]",835.0,-37.8108099,145.0140735,0.0,10.735,16.3990744
ORDI09565,2018-03-30,10:52:23,Breakfast,NS,"[('Eggs', 1), ('Coffee', 3), ('Pancake', 5)]",165.75,-37.8123177,144.9622963,0.0,7.853,13.0199938
ORDC00623,2018-05-13,12:23:39,Lunch,NS,"[('Salad', 4), ('Chicken', 5)]",228.8,-37.8040911,144.9619114,0.0,7.184,14.8327039
ORDZ05656,2018-03-20,10:32:06,Breakfast,NS,"[('Cereal', 1), ('Pancake', 5)]",142.25,-37.8100612,144.9583836,0.0,7.977,13.094696896404821
ORDI04821,2018-03-13,10:21:58,Breakfast,NS,"[('Cereal', 8), ('Pancake', 2), ('Eggs', 3), ('Coffee', 8)]",342.5,-37.8083862,144.9717387,0.0,7.073,12.1926796
ORDC03964,2018-04-12,11:22:49,Breakfast,NS,"[('Pancake', 1), ('Eggs', 3)]",90.25,-37.8019744,144.9431624,0.0,8.834,13.898829340174794
ORDJ06697,2018-10-19,17:38:01,Dinner,TP,"[('Fish&Chips', 2), ('Shrimp', 8)]",502.0,-37.8184107,144.9670425,0.0,7.601,12.6521151
ORDI04137,2018-04-01,10:52:23,Breakfast,NS,"[('Eggs', 2), ('Coffee', 7), ('Cereal', 9)]",285.5,-37.8155682,144.9527158,0.0,8.773,15.7738464
ORDA07653,2018-06-14,13:24:30,Lunch,BK,"[('Fries', 7), ('Chicken', 2), ('Burger', 5), ('Steak', 4)]",483.0,-37.7997444,144.9685314,0.0,7.762,14.5008161
ORDI11103,2018-04-01,10:52:23,Breakfast,NS,"[('Coffee', 7), ('Cereal', 9)]",241.5,-37.8148736,144.9503606,0.0,10.202,16.9404172
ORDJ09201,2018-09-04,16:06:45,Dinner,TP,"[('Pasta', 2), ('Salmon', 7)]",342.0,-37.8241227,144.9588148,0.0,7.874,12.5242722
ORDI00930,2018-05-08,12:13:31,Lunch,NS,"[('Burger', 3), ('Fries', 10), ('Salad', 3), ('Chicken', 1)]",296.6,-37.8186157,144.9653369,0.0,8.559,14.4269289
ORDY07722,2018-05-06,12:03:22,Lunch,TP,"[('Steak', 7), ('Chicken', 6), ('Salad', 2), ('Fries', 10), ('Burger', 10)]",971.4,-37.8029372,144.9355722,0.0,10.918,15.6899605
ORDZ08821,2018-11-10,18:18:35,Dinner,NS,"[('Salmon', 6), ('Fish&Chips', 3), ('Shrimp', 10)]",891.0,-37.7996692,144.9573838,0.0,7.286,14.8050196
ORDZ05648,2018-06-01,12:54:05,Lunch,NS,"[('Steak', 3), ('Burger', 5), ('Chicken', 9), ('Fries', 4)]",626.0,-37.8029343,144.948966,0.0,8.306,13.8828541
ORDA03003,2018-02-05,09:10:59,Breakfast,BK,"[('Coffee', 7), ('Eggs', 4), ('Pancake', 2), ('Cereal', 7)]",336.0,-37.8050491,144.925635,0.0,10.95,16.3496233
ORDB00910,2018-09-11,16:16:54,Dinner,TP,"[('Shrimp', 4), ('Pasta', 1)]",243.5,-37.8064749,144.9413413,0.0,10.29,14.1277597
ORDZ06189,2018-07-01,13:54:55,Lunch,NS,"[('Fries', 4), ('Salad', 9), ('Chicken', 6), ('Burger', 6)]",580.8,-37.8093444,144.9643497,0.0,7.352,15.2297945
ORDJ10977,2018-12-15,19:29:34,Dinner,TP,"[('Shrimp', 6), ('Salmon', 8), ('Pasta', 6), ('Fish&Chips', 4)]",957.0,-37.8062038,144.9594321,0.0,8.985,14.3466148
ORDY08220,2018-12-19,19:39:43,Dinner,TP,"[('Salmon', 9), ('Pasta', 3)]",451.5,-37.8204575,144.9566918,0.0,8.036,12.446155
ORDB01560,2018-10-23,17:48:10,Dinner,TP,"[('Pasta', 5), ('Salmon', 7), ('Fish&Chips', 4), ('Shrimp', 10)]",1104.5,-37.8197255,144.9703298,0.0,7.771,11.9283578
ORDI07574,2018-08-16,15:26:11,Lunch,NS,"[('Steak', 3), ('Chicken', 4)]",263.0,-37.8106389,145.0006749,0.0,9.497,15.2023737
ORDK01367,2018-09-10,16:16:54,Dinner,BK,"[('Shrimp', 10), ('Fish&Chips', 4), ('Pasta', 9), ('Salmon', 1)]",968.5,-37.8099961,144.995232,0.0,4.558,11.8480513
ORDA09159,2018-11-29,18:59:09,Dinner,BK,"[('Pasta', 6), ('Shrimp', 2), ('Fish&Chips', 9), ('Salmon', 3)]",711.0,-37.8090838,144.9555017,0.0,8.184,14.9367039
ORDA10136,2018-02-13,09:21:07,Breakfast,BK,"[('Eggs', 10), ('Cereal', 2)]",262.0,-37.8249474,144.9922858,0.0,6.787,11.2142054
ORDZ07061,2018-08-14,15:26:11,Lunch,NS,"[('Burger', 7), ('Salad', 4), ('Steak', 4)]",465.8,-37.8020454,144.9667811,0.0,6.555,12.122957
ORDC02607,2018-09-04,16:06:45,Dinner,NS,"[('Shrimp', 9), ('Fish&Chips', 3)]",591.0,-37.799758,144.9491694,0.0,8.198,14.2559073
ORDC04295,2018-03-22,10:32:06,Breakfast,NS,"[('Coffee', 8), ('Pancake', 8), ('Cereal', 1)]",275.0,-37.7993108,144.9534471,0.0,7.692,12.7863339
